event_id,storm,CountyFIPS,t90,t90_censored,max_gust,mean_gust_7d,total_precip_7d,pressure_min_7d,max_customers_tracked,county_pop,event_start,min_dist_to_storm_km,matched_ibtracs_storm,storm_max_wind_center_in_conus_mps,storm_max_wind_near_conus_mps,year,county_gdp_real_2017_dollars,county_gdp_real_2017_per_capita
2017212N28275_2017-07-30 21:00:00,2017212N28275,12075,1.885185185185,0,12.601286841367076,7.421799059871172,67.4139983218805,1009.864246350036,3862.0,45260,2017-07-30 21:00:00,201.49310484050196,2017212N28275,24.693312,25.7222,2017,922164000.0,20374.812196199735
2017242N16333_2017-09-09 19:00:00,2017242N16333,12037,120.40615474794834,0,27.279316418163774,12.005696650264223,92.75071839806628,995.318711524024,10201.0,12498,2017-09-09 19:00:00,169.09247530869504,2017242N16333,59.16106,59.16106,2017,337899000.0,27036.24579932789
2017242N16333_2017-09-09 20:00:00,2017242N16333,12067,186.8025644925564,0,33.24103419673335,9.33372824364903,153.91627978281795,982.8335295608108,4034.0,7786,2017-09-09 20:00:00,34.289273779462846,2017242N16333,59.16106,59.16106,2017,150811000.0,19369.50937580272
2017242N16333_2017-09-09 21:00:00,2017242N16333,12013,52.651219512195,0,25.291777432175497,14.104932238401751,89.23010366751612,996.0105648189046,2029.0,13464,2017-09-09 21:00:00,165.682470101698,2017242N16333,59.16106,59.16106,2017,271085000.0,20134.06120023767
2017242N16333_2017-09-09 22:00:00,2017242N16333,12075,170.764203411355,0,33.16905834937835,9.553963984025224,145.73360884242518,976.9195070858868,19402.0,45260,2017-09-09 22:00:00,31.52538451026392,2017242N16333,59.16106,59.16106,2017,922164000.0,20374.812196199735
2017242N16333_2017-09-10 02:00:00,2017242N16333,12079,119.83281313067306,0,34.06154558214091,9.72362998221226,136.38472335484133,985.0380013020834,9256.0,18198,2017-09-10 02:00:00,42.5242402111993,2017242N16333,59.16106,59.16106,2017,408978000.0,22473.788328387735
2017242N16333_2017-09-10 06:00:00,2017242N16333,12011,153.0468064804286,0,40.3859262631634,10.2815714867722,150.30149385171725,984.8973236343504,939339.0,1947026,2017-09-10 06:00:00,119.95750228531256,2017242N16333,59.16106,59.16106,2017,104703408000.0,53776.07078693351
2017242N16333_2017-09-10 06:00:00,2017242N16333,12086,181.80815224063832,0,44.31942065412536,11.152698144575902,182.8732652794224,985.2187494258,1124253.0,2673837,2017-09-10 06:00:00,114.10942429534154,2017242N16333,59.16106,59.16106,2017,159539066000.0,59666.71341596365
2017242N16333_2017-09-10 11:00:00,2017242N16333,12125,128.33181818181805,0,33.14872428403801,8.893727335460145,191.4805631325337,980.9217052585342,5345.0,15460,2017-09-10 11:00:00,58.05489534857759,2017242N16333,59.16106,59.16106,2017,314461000.0,20340.297542043983
2017242N16333_2017-09-10 14:00:00,2017242N16333,12021,247.5624464355278,0,47.97644738424183,9.8269038396845,212.190249085848,965.3838709223444,212167.0,397994,2017-09-10 14:00:00,35.06219133847804,2017242N16333,59.16106,59.16106,2017,18972217000.0,47669.6055719433
2017242N16333_2017-09-10 14:00:00,2017242N16333,12099,127.02598707824832,0,38.76315124119104,9.680660974300334,111.91816701818986,984.6623378897737,742679.0,1518477,2017-09-10 14:00:00,124.034508191505,2017242N16333,59.16106,59.16106,2017,82713425000.0,54471.305788629004
2017242N16333_2017-09-10 14:00:00,2017242N16333,12111,117.27373737373722,0,37.70381251511965,9.96819419710294,81.53300602866567,987.67180043693,127029.0,358704,2017-09-10 14:00:00,137.6717664344883,2017242N16333,59.16106,59.16106,2017,9305423000.0,25941.787657790268
2017242N16333_2017-09-10 16:00:00,2017242N16333,12051,224.8814569536422,0,44.06321571915961,9.31983176902979,205.88198718309195,970.1731393861892,9743.0,41339,2017-09-10 16:00:00,59.82195270992618,2017242N16333,59.16106,59.16106,2017,1192855000.0,28855.439173661674
2017242N16333_2017-09-10 16:00:00,2017242N16333,12093,143.2979377839914,0,43.15726875418012,9.170118304016828,118.35535903131763,980.6558183127136,20093.0,40412,2017-09-10 16:00:00,100.87000443713563,2017242N16333,59.16106,59.16106,2017,1253574000.0,31019.84559041869
2017242N16333_2017-09-10 18:00:00,2017242N16333,12107,167.88218661639945,0,35.622321998268546,8.356245735016893,158.56333189626775,981.5370082438648,41113.0,74731,2017-09-10 18:00:00,92.66012706522667,2017242N16333,59.16106,59.16106,2017,2125357000.0,28440.09848657184
2017242N16333_2017-09-10 18:00:00,2017242N16333,12129,97.50331075996972,0,31.210941680908203,10.147348884320442,107.18215435122453,991.8288584375,15461.0,35178,2017-09-10 18:00:00,118.23919031375114,2017242N16333,59.16106,59.16106,2017,705267000.0,20048.52464608562
2017242N16333_2017-09-10 19:00:00,2017242N16333,12041,148.8402411714261,0,32.68536102737205,7.910275415291532,174.3184216617458,980.031367527174,7923.0,18992,2017-09-10 19:00:00,17.199964700173062,2017242N16333,59.16106,59.16106,2017,330710000.0,17413.121314237575
2017242N16333_2017-09-10 21:00:00,2017242N16333,12049,172.15532994923834,0,42.6029511779785,8.305069200760977,195.72771546840667,971.01893225,9248.0,25645,2017-09-10 21:00:00,9.625366754532005,2017242N16333,59.16106,59.16106,2017,1037682000.0,40463.32618444141
2017242N16333_2017-09-10 22:00:00,2017242N16333,12029,161.40008534699888,0,32.14372665221432,8.300142144972199,138.7223802765001,981.744273814006,8742.0,17124,2017-09-10 22:00:00,44.18759705419018,2017242N16333,59.16106,59.16106,2017,280617000.0,16387.351086194813
2017242N16333_2017-09-10 22:00:00,2017242N16333,12055,216.54451691805943,0,44.645656787773056,8.699503809994438,172.2967806856449,973.4384547078296,55157.0,105618,2017-09-10 22:00:00,57.66361062085274,2017242N16333,59.16106,59.16106,2017,2482118000.0,23500.89946789373
2017242N16333_2017-09-10 23:00:00,2017242N16333,12105,162.45878594249194,0,42.59030972886636,8.350609184174264,170.2714692691411,974.7197781544812,329764.0,787404,2017-09-10 23:00:00,55.85645287239121,2017242N16333,59.16106,59.16106,2017,25742485000.0,32692.855256005812
2017242N16333_2017-09-11 00:00:00,2017242N16333,12015,143.67597765363112,0,40.51598401081837,8.577106524930775,167.9262937424118,970.2506089154408,114552.0,202661,2017-09-11 00:00:00,24.233980588538905,2017242N16333,59.16106,59.16106,2017,5181236000.0,25566.024050014556
2017242N16333_2017-09-11 00:00:00,2017242N16333,12035,149.8971880492089,0,38.3003936577522,8.937893636548665,127.8353928028211,983.7977379893237,58370.0,126705,2017-09-11 00:00:00,124.36310596984563,2017242N16333,59.16106,59.16106,2017,2695378000.0,21272.862160135748
2017242N16333_2017-09-11 00:00:00,2017242N16333,12071,216.4818116462975,0,39.95001785627758,8.662563909163712,154.57914812147516,967.6371055317004,260826.0,822453,2017-09-11 00:00:00,27.87687407091573,2017242N16333,59.16106,59.16106,2017,31283529000.0,38036.85924909995
2017242N16333_2017-09-11 00:00:00,2017242N16333,12085,95.52749110320278,0,37.03185366634624,9.850267564114263,74.38884041130352,986.8561755423184,94195.0,162006,2017-09-11 00:00:00,129.66106815997716,2017242N16333,59.16106,59.16106,2017,7438578000.0,45915.4475760157
2017242N16333_2017-09-11 00:00:00,2017242N16333,12103,160.12296022437528,0,43.06226785026151,9.404027970930589,151.04290168704134,975.1239532830944,543895.0,961739,2017-09-11 00:00:00,59.81471176922959,2017242N16333,59.16106,59.16106,2017,48499271000.0,50428.72442523387
2017242N16333_2017-09-11 00:00:00,2017242N16333,12117,170.77504760177695,0,39.111801124271295,8.3751292106539,105.16330691784802,982.7114677526596,211093.0,478772,2017-09-11 00:00:00,110.25059841721524,2017242N16333,59.16106,59.16106,2017,20979506000.0,43819.408820900135
2017242N16333_2017-09-11 01:00:00,2017242N16333,12023,114.51003861003834,0,32.87210430150099,7.9906483990071635,205.68063264035155,981.6870075847592,32513.0,71908,2017-09-11 01:00:00,43.33569824252138,2017242N16333,59.16106,59.16106,2017,2136953000.0,29717.875618846305
2017242N16333_2017-09-11 01:00:00,2017242N16333,12083,170.8450316502281,0,34.11790983244758,7.880155841033531,145.78067060587546,977.174596322056,138867.0,396415,2017-09-11 01:00:00,49.04177126595889,2017242N16333,59.16106,59.16106,2017,9763722000.0,24630.051839612526
2017242N16333_2017-09-11 01:00:00,2017242N16333,12095,125.77988229494028,0,42.50166494858325,8.438115913173633,110.70856601280632,981.2734645100504,496230.0,1452726,2017-09-11 01:00:00,93.10165222356326,2017242N16333,59.16106,59.16106,2017,95077001000.0,65447.30458462229
2017242N16333_2017-09-11 01:00:00,2017242N16333,12097,115.8667057444314,0,43.1111639458869,8.59143024477589,108.4173563652284,981.3335810396212,72696.0,422545,2017-09-11 01:00:00,98.51648127990364,2017242N16333,59.16106,59.16106,2017,10505768000.0,24863.07493876392
2017242N16333_2017-09-11 01:00:00,2017242N16333,12101,123.22296914803276,0,41.70996387439667,8.468801712012205,150.1088411087852,972.7591256119948,266355.0,608794,2017-09-11 01:00:00,22.67797848781874,2017242N16333,59.16106,59.16106,2017,12596629000.0,20691.118834942525
2017242N16333_2017-09-11 01:00:00,2017242N16333,12121,143.33488372093,0,33.1387630368388,7.779667440071654,179.90478663637606,982.2636305414244,21816.0,45411,2017-09-11 01:00:00,11.779371484663768,2017242N16333,59.16106,59.16106,2017,1217082000.0,26801.479817665324
2017242N16333_2017-09-11 01:00:00,2017242N16333,12127,160.34128586609972,0,36.8481420062967,8.836308807389246,107.73642242868152,984.5824931312546,261351.0,579192,2017-09-11 01:00:00,122.64396814599311,2017242N16333,59.16106,59.16106,2017,17886662000.0,30882.094365944282
2017242N16333_2017-09-11 02:00:00,2017242N16333,12123,124.71715296198028,0,34.09334099879031,8.81434055505948,121.74696566147702,985.838708247951,12739.0,21283,2017-09-11 02:00:00,57.47333600831199,2017242N16333,59.16106,59.16106,2017,759467000.0,35684.208053375936
2017242N16333_2017-09-11 03:00:00,2017242N16333,12001,113.54142678347915,0,33.57631889163939,7.989727200386677,160.72545707390972,979.3423797242256,120854.0,284030,2017-09-11 03:00:00,33.96766455424454,2017242N16333,59.16106,59.16106,2017,13230632000.0,46581.81178044573
2017242N16333_2017-09-11 03:00:00,2017242N16333,12017,122.92148336376168,0,39.45761649679736,8.194532689005072,129.4141633414341,973.7942397251946,87682.0,162529,2017-09-11 03:00:00,7.104553617690877,2017242N16333,59.16106,59.16106,2017,3704389000.0,22792.17247383544
2017242N16333_2017-09-11 03:00:00,2017242N16333,12047,132.12262872628722,0,33.59822485511869,7.873274622635862,182.0455150686001,983.0063405885217,6475.0,13217,2017-09-11 03:00:00,26.757448918640893,2017242N16333,59.16106,59.16106,2017,472185000.0,35725.58069153363
2017242N16333_2017-09-11 03:00:00,2017242N16333,12069,166.97565789473666,0,39.14408603661508,7.949885876345948,128.8648486204498,978.0561218969684,149968.0,410139,2017-09-11 03:00:00,71.80355339142164,2017242N16333,59.16106,59.16106,2017,9661005000.0,23555.440960259813
2017242N16333_2017-09-11 03:00:00,2017242N16333,12109,132.16413690476168,0,37.59778542093711,9.298829412956328,146.92156460645637,985.1818936610456,106779.0,306841,2017-09-11 03:00:00,126.5034431446902,2017242N16333,59.16106,59.16106,2017,8970720000.0,29235.72795030651
2017242N16333_2017-09-11 04:00:00,2017242N16333,12019,91.00329557157556,0,36.437456351060135,8.488040478473275,161.36228999955793,982.6076364683494,83951.0,226589,2017-09-11 04:00:00,91.68011464206862,2017242N16333,59.16106,59.16106,2017,5191434000.0,22911.235761665394
2017242N16333_2017-09-11 04:00:00,2017242N16333,12053,113.29313647246585,0,42.611528844179226,8.067403815211515,137.18096618221176,973.0785060356496,94931.0,206896,2017-09-11 04:00:00,39.23396212113386,2017242N16333,59.16106,59.16106,2017,4036623000.0,19510.396527724075
2017242N16333_2017-09-11 04:00:00,2017242N16333,12119,122.47415824915804,0,40.881807798342784,7.699343727179897,137.41894770696732,975.0032136496112,71787.0,144970,2017-09-11 04:00:00,40.5309214540484,2017242N16333,59.16106,59.16106,2017,3208200000.0,22130.0958819066
2017242N16333_2017-09-11 05:00:00,2017242N16333,12007,151.98207547169807,0,34.51330017339989,7.986167158120132,168.18907788237104,981.182261782787,9843.0,27313,2017-09-11 05:00:00,64.80621330819902,2017242N16333,59.16106,59.16106,2017,654602000.0,23966.682532127557
2017242N16333_2017-09-11 05:00:00,2017242N16333,12031,105.8221225929736,0,38.96708894794376,9.520305193062653,163.18256871189274,985.4359378422782,441599.0,1016536,2017-09-11 05:00:00,128.384557669037,2017242N16333,59.16106,59.16106,2017,62868205000.0,61845.52735958195
2017242N16333_2017-09-11 07:00:00,2017242N16333,12003,137.23333333333332,0,35.97570651915015,7.96013189377784,185.9407311797025,982.5883370535714,11266.0,27803,2017-09-11 07:00:00,75.75938181296655,2017242N16333,59.16106,59.16106,2017,664447000.0,23898.392259828077
2017242N16333_2017-09-11 07:00:00,2017242N16333,12073,45.889243027888334,0,34.726072603974,11.588798806546423,104.82173908850764,990.4068481517328,24519.0,297369,2017-09-11 07:00:00,88.28155666020045,2017242N16333,59.16106,59.16106,2017,14927969000.0,50200.151999704074
2017242N16333_2017-09-11 08:00:00,2017242N16333,12039,57.285185185185,0,32.98252074949204,11.534230127021786,109.34344185622273,992.2154982507116,14999.0,43403,2017-09-11 08:00:00,113.34453478395147,2017242N16333,59.16106,59.16106,2017,1225492000.0,28235.191115821486
2017242N16333_2017-09-11 10:00:00,2017242N16333,12077,28.463247863247776,0,26.868268276545155,14.143106500690294,92.55515400645272,994.847556718384,3302.0,7603,2017-09-11 10:00:00,151.48557060986633,2017242N16333,59.16106,59.16106,2017,183216000.0,24097.85610943049
2017242N16333_2017-09-11 22:00:00,2017242N16333,12043,209.9374999999997,0,18.356985316069228,5.251853221839999,14.969862513142916,997.4126565047554,3354.0,12454,2017-09-11 22:00:00,53.63455029722118,2017242N16333,59.16106,59.16106,2017,277226000.0,22259.996788180506
2018280N18273_2018-10-09 00:00:00,2018280N18273,12063,551.4730287398672,0,22.274640911293822,8.129007238681679,56.87959723722065,986.1032854177564,14302.0,48211,2018-10-09 00:00:00,36.29261406774829,2018280N18273,72.02216,72.02216,2018,1322421000.0,27429.860405301693
2018280N18273_2018-10-10 13:00:00,2018280N18273,12077,376.3893617021275,0,29.221366813087915,7.125129236257156,72.76766639872426,988.212079186183,3310.0,7603,2018-10-10 13:00:00,50.37176913957673,2018280N18273,72.02216,72.02216,2018,180721000.0,23769.69617256346
2018280N18273_2018-10-10 13:00:00,2018280N18273,12129,129.91516709511555,0,30.008693422953293,7.543487354286134,71.00103186815977,993.613506875,15762.0,35178,2018-10-10 13:00:00,96.61650612755638,2018280N18273,72.02216,72.02216,2018,711375000.0,20222.1558928876
2018280N18273_2018-10-10 15:00:00,2018280N18273,12045,439.371951219512,0,30.97727404729901,8.19732583506004,93.41737167056245,986.8047144846796,14473.0,15314,2018-10-10 15:00:00,27.13490890520116,2018280N18273,72.02216,72.02216,2018,389414000.0,25428.627399764922
2018280N18273_2018-10-10 16:00:00,2018280N18273,12037,149.3120028409089,0,32.092459918261774,8.287282677395476,98.85104808134136,992.7133151901902,10332.0,12498,2018-10-10 16:00:00,67.70526289524115,2018280N18273,72.02216,72.02216,2018,346410000.0,27717.23475756121
2018280N18273_2018-10-10 16:00:00,2018280N18273,12039,320.9672597864767,0,27.61054343019084,6.891530957811837,68.95904313239218,987.9014940109108,15099.0,43403,2018-10-10 16:00:00,56.28691468733967,2018280N18273,72.02216,72.02216,2018,1220199000.0,28113.241020205976
2018280N18273_2018-10-10 16:00:00,2018280N18273,12059,201.90710059171585,0,22.92962301195282,6.307741255437152,57.784989087352734,990.665231636598,8100.0,19651,2018-10-10 16:00:00,83.83341711090286,2018280N18273,72.02216,72.02216,2018,345478000.0,17580.682916899903
2018280N18273_2018-10-10 17:00:00,2018280N18273,12005,466.9670584942625,0,27.984699722350115,7.456459336661648,67.58988947345412,985.9625283741386,123951.0,185134,2018-10-10 17:00:00,22.402013799094423,2018280N18273,72.02216,72.02216,2018,8572539000.0,46304.50916633358
2018280N18273_2018-10-10 17:00:00,2018280N18273,12131,54.12833843017305,0,22.91248107051621,9.594885515624394,67.7371313141366,992.2612630935754,42164.0,83304,2018-10-10 17:00:00,88.6506778575551,2018280N18273,72.02216,72.02216,2018,3197506000.0,38383.58302122347
2018280N18273_2018-10-10 18:00:00,2018280N18273,12013,509.50651340996166,0,28.26059994849216,6.611275201391015,62.12432835705237,985.6756187886484,8695.0,13464,2018-10-10 18:00:00,30.35986267609256,2018280N18273,72.02216,72.02216,2018,268383000.0,19933.37789661319
2018280N18273_2018-10-10 18:00:00,2018280N18273,12073,123.43151774785778,0,28.78086651039685,6.87614252830526,52.50939945099671,991.5406596838126,138161.0,297369,2018-10-10 18:00:00,87.65040071276032,2018280N18273,72.02216,72.02216,2018,14998216000.0,50436.38038934791
2018280N18273_2018-10-10 18:00:00,2018280N18273,12133,354.09792592592584,0,24.16638381107558,6.379249108581416,51.59877167460967,987.7447127423262,13089.0,25414,2018-10-10 18:00:00,52.10226247895803,2018280N18273,72.02216,72.02216,2018,563071000.0,22155.937672149208
2018280N18273_2018-10-10 19:00:00,2018280N18273,12065,48.350602409638334,0,26.891825943850403,10.207109474215848,39.167733178332,994.7990300210674,8167.0,15042,2018-10-10 19:00:00,117.7072951209761,2018280N18273,72.02216,72.02216,2018,241506000.0,16055.444754686876
2018280N18273_2018-10-10 20:00:00,2018280N18273,12079,10.85254237288111,0,24.640469462184583,12.382357874186026,21.372192828011,997.9494468352756,9285.0,18198,2018-10-10 20:00:00,153.02984838626236,2018280N18273,72.02216,72.02216,2018,440297000.0,24194.80162655237
2020256N25281_2020-09-16 04:00:00,2020256N25281,12033,112.21139774068445,0,32.67608296470597,11.878977413785195,329.79771119584507,991.3657933806484,309295.0,324878,2020-09-16 04:00:00,15.732854500705184,2020256N25281,48.87218,48.87218,2020,15991998000.0,49224.62585955343
2020256N25281_2020-09-16 09:00:00,2020256N25281,12113,75.32791095890389,0,31.699828944928225,10.985863337504547,258.97261194750934,995.767815507378,162005.0,198268,2020-09-16 09:00:00,39.77046206905453,2020256N25281,48.87218,48.87218,2020,4951880000.0,24975.689470817277
2020256N25281_2020-09-16 10:00:00,2020256N25281,12091,30.067050487156667,0,30.301115106981843,13.85015219024117,208.70766692643247,998.9041669331392,162096.0,216482,2020-09-16 10:00:00,73.73667272745523,2020256N25281,48.87218,48.87218,2020,12869572000.0,59448.693193891406
2021182N09317_2021-07-06 00:00:00,2021182N09317,12029,42.706343655084446,0,19.40283817153379,8.695810813312892,65.37557064937091,1009.4710920557228,6898.0,17124,2021-07-06 00:00:00,39.58342677251506,2021182N09317,28.29442,33.43886,2021,286272000.0,16717.589348283112
2021222N14301_2021-08-16 17:00:00,2021222N14301,12037,23.66491375683611,0,19.529049060008187,11.41842038366822,121.01864770569422,1004.8223220095095,10595.0,12498,2021-08-16 17:00:00,60.80818902977291,2021222N14301,26.236644,28.29442,2021,366881000.0,29355.176828292526
2021222N14301_2021-08-16 21:00:00,2021222N14301,12013,38.46052631578944,0,16.80685440137614,7.255816739677418,82.7111672879898,1002.9107421875,6656.0,13464,2021-08-16 21:00:00,29.3650796294227,2021222N14301,26.236644,28.29442,2021,306489000.0,22763.591800356506
2021222N14301_2021-08-17 01:00:00,2021222N14301,12077,23.07741046831945,0,18.33503078018474,8.544379090554045,73.5785838067139,1003.5003295155152,3349.0,7603,2021-08-17 01:00:00,53.29302276027874,2021222N14301,26.236644,28.29442,2021,283906000.0,37341.31263974747
2022263N10313_2022-09-27 17:00:00,2022263N10313,12051,173.69139130434775,0,29.585371705272312,8.868335777052435,63.782837270867816,992.7709913150044,15840.0,41339,2022-09-27 17:00:00,84.55584435233466,2022266N12294,64.3055,72.02216,2022,1380018000.0,33382.955562543844
2022263N10313_2022-09-28 13:00:00,2022263N10313,12021,136.61277292576418,0,31.90221790022993,9.691955763544042,61.4167069801179,994.6859206120092,266091.0,397994,2022-09-28 13:00:00,99.79238227384516,2022266N12294,64.3055,72.02216,2022,24257787000.0,60950.13241405649
2022263N10313_2022-09-28 14:00:00,2022263N10313,12027,207.53449891066944,0,34.42957217830002,8.856254730941961,136.37131988664106,985.6250405553344,54082.0,35312,2022-09-28 14:00:00,10.977605611127812,2022266N12294,64.3055,72.02216,2022,1010093000.0,28604.808563661078
2022263N10313_2022-09-28 14:00:00,2022263N10313,12071,261.0410199203186,0,33.89491654413044,10.572971698054252,154.5206312934589,984.7481048558096,671408.0,822453,2022-09-28 14:00:00,29.500869473900902,2022266N12294,64.3055,72.02216,2022,38894720000.0,47291.115723330084
2022263N10313_2022-09-28 15:00:00,2022263N10313,12081,131.61833598304167,0,33.01914715606894,9.887475932147336,197.79446536479247,992.4396106858222,237346.0,429125,2022-09-28 15:00:00,67.94423475170416,2022266N12294,64.3055,72.02216,2022,18164121000.0,42328.27497815322
2022263N10313_2022-09-28 15:00:00,2022263N10313,12115,179.77008196721306,0,36.71109159383786,10.665444155229263,233.6248950370424,987.9367775988752,296625.0,462286,2022-09-28 15:00:00,53.65426663875499,2022266N12294,64.3055,72.02216,2022,25555591000.0,55280.91051859671
2022263N10313_2022-09-28 16:00:00,2022263N10313,12015,223.7350259067356,0,35.08754816567501,9.791824717888106,159.2516330978297,984.8125768262468,127544.0,202661,2022-09-28 16:00:00,8.30946767680104,2022266N12294,64.3055,72.02216,2022,6512049000.0,32132.7191714242
2022263N10313_2022-09-28 22:00:00,2022263N10313,12043,75.10576923076917,0,29.72128616208615,8.893276921407388,32.079410867299885,990.9416953125,6908.0,12454,2022-09-28 22:00:00,57.39525039405471,2022266N12294,64.3055,72.02216,2022,329681000.0,26471.896579412238
2022263N10313_2022-09-28 23:00:00,2022263N10313,12055,111.91489361702112,0,29.3174175631158,8.885194833593609,71.29117258180445,990.1561966339452,65373.0,105618,2022-09-28 23:00:00,13.725580749414648,2022266N12294,64.3055,72.02216,2022,2704876000.0,25609.99072127857
2022263N10313_2022-09-28 23:00:00,2022263N10313,12105,75.94261906776056,0,29.321977189501872,9.777605338116611,182.7253767873006,994.71184138332,381639.0,787404,2022-09-28 23:00:00,62.37367746280789,2022266N12294,64.3055,72.02216,2022,31529236000.0,40042.006390620314
2022263N10313_2022-09-29 00:00:00,2022263N10313,12127,111.51450171821304,0,24.51944347856044,9.491900693612491,175.6269956507545,997.1735238898318,312570.0,579192,2022-09-29 00:00:00,91.59098389443392,2022266N12294,64.3055,72.02216,2022,21194611000.0,36593.411165900085
2022263N10313_2022-09-29 04:00:00,2022263N10313,12093,65.20210378681611,0,28.21529385389864,10.643892175820952,44.98182598128491,992.527224473834,23061.0,40412,2022-09-29 04:00:00,40.32369148454042,2022266N12294,64.3055,72.02216,2022,1873785000.0,46367.04444224488
2022263N10313_2022-09-29 04:00:00,2022263N10313,12095,60.44275491949889,0,25.15576158456467,10.150175690475054,142.88164521824925,994.0636348146984,633504.0,1452726,2022-09-29 04:00:00,69.30548761916312,2022266N12294,64.3055,72.02216,2022,116081626000.0,79906.07038078757
2022263N10313_2022-09-29 04:00:00,2022263N10313,12097,16.152837792454722,0,27.06341804729104,13.05917461050218,124.2110080612748,992.8691612793652,200164.0,422545,2022-09-29 04:00:00,30.04451919109114,2022266N12294,64.3055,72.02216,2022,13744817000.0,32528.646653019205
2022263N10313_2022-09-29 05:00:00,2022263N10313,12061,39.09839743589722,0,26.83720474445356,12.008170079777743,40.425908516486935,994.3592833480564,99475.0,167352,2022-09-29 05:00:00,45.9990599810468,2022266N12294,64.3055,72.02216,2022,7452882000.0,44534.16750322673
2022263N10313_2022-09-29 05:00:00,2022263N10313,12111,15.83167435728389,0,26.58917615189016,13.863592686986488,26.748568954733187,996.016060505319,173837.0,358704,2022-09-29 05:00:00,71.67706943386301,2022266N12294,64.3055,72.02216,2022,11773469000.0,32822.240621794015
2022263N10313_2022-09-29 06:00:00,2022263N10313,12069,31.972629213483057,0,24.207420615613565,13.164281532458045,121.63439614416764,998.3076927037569,169670.0,410139,2022-09-29 06:00:00,115.85546155514317,2022266N12294,64.3055,72.02216,2022,11988782000.0,29231.021678016477
2022263N10313_2022-09-29 07:00:00,2022263N10313,12009,44.44980861244,0,24.75423455962732,10.721167809834826,105.43303029387796,992.6277006274768,330448.0,630693,2022-09-29 07:00:00,17.539410664867418,2022266N12294,64.3055,72.02216,2022,31676923000.0,50225.5820185098
2022263N10313_2022-09-29 10:00:00,2022263N10313,12107,27.30840336134445,0,23.702810374066868,14.06495285182928,79.1082076442662,1003.8781648773008,45763.0,74731,2022-09-29 10:00:00,170.883694014147,2022266N12294,64.3055,72.02216,2022,2280284000.0,30513.227442426836
