event_id,CountyFIPS,storm,event_start,event_end,duration_hours,max_outage,hours_above_thresh,n_ts_points,reason
54001_2017-06-21 16:00:00,54001,2017171N24271,2017-06-21 16:00:00,2017-06-23 15:00:00,47.0,0.09349901500227308,0,71,invalid_event
21055_2017-08-24 22:00:00,21055,2017228N14314,2017-08-24 22:00:00,2017-08-27 02:00:00,52.0,0.25703762167850563,1,76,invalid_event
48167_2017-08-26 03:00:00,48167,2017228N14314,2017-08-26 03:00:00,2017-08-30 04:00:00,97.0,0.0851063829787234,0,121,invalid_event
48473_2017-08-26 09:00:00,48473,2017228N14314,2017-08-26 09:00:00,2017-08-29 04:00:00,67.0,0.28175002797359294,3,91,invalid_event
48481_2017-08-26 11:00:00,48481,2017228N14314,2017-08-26 11:00:00,2017-08-27 21:00:00,34.0,0.07070590275770365,0,58,invalid_event
48015_2017-08-27 01:00:00,48015,2017228N14314,2017-08-27 01:00:00,2017-08-29 20:00:00,67.0,0.10569198990130824,0,91,invalid_event
22069_2017-08-27 18:00:00,22069,2017228N14314,2017-08-27 18:00:00,2017-08-31 20:00:00,98.0,0.1472842105263158,0,122,invalid_event
22043_2017-08-27 19:00:00,22043,2017228N14314,2017-08-27 19:00:00,2017-08-30 23:00:00,76.0,0.18360761535979347,1,100,invalid_event
48311_2017-08-27 20:00:00,48311,2017228N14314,2017-08-27 20:00:00,2017-08-29 00:00:00,28.0,0.14516129032258066,0,52,invalid_event
48339_2017-08-27 22:00:00,48339,2017228N14314,2017-08-27 22:00:00,2017-08-30 16:00:00,66.0,0.1279719495989369,0,90,invalid_event
22013_2017-08-29 04:00:00,22013,2017228N14314,2017-08-29 04:00:00,2017-08-31 11:00:00,55.0,0.1699489423778264,3,79,invalid_event
28083_2017-08-31 10:00:00,28083,2017228N14314,2017-08-31 10:00:00,2017-09-01 22:00:00,36.0,0.08296943231441048,0,60,invalid_event
48167_2017-09-02 00:00:00,48167,2017228N14314,2017-09-02 00:00:00,2017-09-03 01:00:00,25.0,0.0747748630971555,0,49,invalid_event
13299_2017-08-26 21:00:00,13299,2017240N31279,2017-08-26 21:00:00,2017-08-28 15:00:00,42.0,0.06806543385490754,0,66,invalid_event
01087_2017-09-09 20:00:00,01087,2017242N16333,2017-09-09 20:00:00,2017-09-12 18:00:00,70.0,0.43652784746613144,4,94,invalid_event
12059_2017-09-09 20:00:00,12059,2017242N16333,2017-09-09 20:00:00,2017-09-11 15:00:00,43.0,0.48812351543942994,4,67,invalid_event
01037_2017-09-10 00:00:00,01037,2017242N16333,2017-09-10 00:00:00,2017-09-11 13:00:00,37.0,0.08619210977701544,0,61,invalid_event
12133_2017-09-10 16:00:00,12133,2017242N16333,2017-09-10 16:00:00,2017-09-11 22:00:00,30.0,1.0,3,54,invalid_event
13253_2017-09-10 16:00:00,13253,2017242N16333,2017-09-10 16:00:00,2017-09-12 00:00:00,32.0,0.52,2,56,invalid_event
01011_2017-09-11 17:00:00,01011,2017242N16333,2017-09-11 17:00:00,2017-09-12 22:00:00,29.0,0.2252840909090909,4,53,invalid_event
01041_2017-09-11 18:00:00,01041,2017242N16333,2017-09-11 18:00:00,2017-09-13 00:00:00,30.0,0.31095890410958904,1,54,invalid_event
01111_2017-09-11 20:00:00,01111,2017242N16333,2017-09-11 20:00:00,2017-09-12 21:00:00,25.0,0.41844289881085933,2,49,invalid_event
13083_2017-09-12 03:00:00,13083,2017242N16333,2017-09-12 03:00:00,2017-09-13 11:00:00,32.0,0.12838100168241232,0,56,invalid_event
12063_2017-09-15 17:00:00,12063,2017242N16333,2017-09-15 17:00:00,2017-09-17 04:00:00,35.0,0.09321238661244917,0,59,invalid_event
39135_2017-10-07 18:00:00,39135,2017277N11279,2017-10-07 18:00:00,2017-10-09 21:00:00,51.0,0.09256622045001424,0,75,invalid_event
28111_2017-10-07 22:00:00,28111,2017277N11279,2017-10-07 22:00:00,2017-10-09 05:00:00,31.0,0.14477737328479418,0,55,invalid_event
18175_2017-10-08 00:00:00,18175,2017277N11279,2017-10-08 00:00:00,2017-10-09 04:00:00,28.0,0.10346008907159986,0,52,invalid_event
50023_2017-10-08 18:00:00,50023,2017277N11279,2017-10-08 18:00:00,2017-10-10 12:00:00,42.0,0.5233566433566433,1,66,invalid_event
50011_2017-10-09 15:00:00,50011,2017277N11279,2017-10-09 15:00:00,2017-10-10 21:00:00,30.0,0.05164992826398852,0,54,invalid_event
21159_2017-10-11 06:00:00,21159,2017277N11279,2017-10-11 06:00:00,2017-10-12 21:00:00,39.0,0.1102246483308839,0,63,invalid_event
26035_2018-05-27 08:00:00,26035,2018146N19273,2018-05-27 08:00:00,2018-05-28 20:00:00,36.0,0.22071614640822995,2,60,invalid_event
21039_2018-05-27 13:00:00,21039,2018146N19273,2018-05-27 13:00:00,2018-05-28 23:00:00,34.0,0.23182511438739198,1,58,invalid_event
39037_2018-05-27 20:00:00,39037,2018146N19273,2018-05-27 20:00:00,2018-05-29 22:00:00,50.0,0.09422371940949173,0,74,invalid_event
26011_2018-05-27 22:00:00,26011,2018146N19273,2018-05-27 22:00:00,2018-05-29 03:00:00,29.0,0.10767185719711356,0,53,invalid_event
26069_2018-05-27 22:00:00,26069,2018146N19273,2018-05-27 22:00:00,2018-05-29 00:00:00,26.0,0.1492615781675668,0,50,invalid_event
26125_2018-05-28 21:00:00,26125,2018146N19273,2018-05-28 21:00:00,2018-05-31 18:00:00,69.0,0.1044133169771489,0,93,invalid_event
26029_2018-05-29 01:00:00,26029,2018146N19273,2018-05-29 01:00:00,2018-05-30 05:00:00,28.0,0.15365820551106285,3,52,invalid_event
01077_2018-05-29 07:00:00,01077,2018146N19273,2018-05-29 07:00:00,2018-05-31 04:00:00,45.0,0.7221497212006169,2,69,invalid_event
47117_2018-05-30 03:00:00,47117,2018146N19273,2018-05-30 03:00:00,2018-05-31 18:00:00,39.0,0.28654592496765846,1,63,invalid_event
18061_2018-05-30 11:00:00,18061,2018146N19273,2018-05-30 11:00:00,2018-06-01 21:00:00,58.0,0.09495810671762457,0,82,invalid_event
18173_2018-05-30 13:00:00,18173,2018146N19273,2018-05-30 13:00:00,2018-05-31 21:00:00,32.0,0.306140160555435,2,56,invalid_event
21091_2018-05-30 14:00:00,21091,2018146N19273,2018-05-30 14:00:00,2018-06-01 00:00:00,34.0,0.40860215053763443,3,58,invalid_event
21101_2018-05-30 15:00:00,21101,2018146N19273,2018-05-30 15:00:00,2018-05-31 23:00:00,32.0,0.2571502190157176,3,56,invalid_event
01059_2018-05-30 23:00:00,01059,2018146N19273,2018-05-30 23:00:00,2018-06-01 15:00:00,40.0,0.07808564231738035,0,64,invalid_event
47053_2018-05-31 07:00:00,47053,2018146N19273,2018-05-31 07:00:00,2018-06-01 08:00:00,25.0,0.2848234939153173,1,49,invalid_event
18079_2018-05-31 20:00:00,18079,2018146N19273,2018-05-31 20:00:00,2018-06-02 20:00:00,48.0,0.2384536685179772,4,72,invalid_event
17151_2018-06-01 18:00:00,17151,2018146N19273,2018-06-01 18:00:00,2018-06-04 00:00:00,54.0,1.0,2,78,invalid_event
47023_2018-06-01 23:00:00,47023,2018146N19273,2018-06-01 23:00:00,2018-06-03 13:00:00,38.0,0.2070619006102877,1,62,invalid_event
12063_2018-06-02 20:00:00,12063,2018146N19273,2018-06-02 20:00:00,2018-06-04 00:00:00,28.0,0.05356017643352237,0,52,invalid_event
37177_2018-09-13 18:00:00,37177,2018242N13343,2018-09-13 18:00:00,2018-09-14 18:00:00,24.0,0.07432432432432433,0,48,invalid_event
37187_2018-09-14 02:00:00,37187,2018242N13343,2018-09-14 02:00:00,2018-09-15 02:00:00,24.0,0.21256440086421804,1,48,invalid_event
37183_2018-09-14 17:00:00,37183,2018242N13343,2018-09-14 17:00:00,2018-09-15 18:00:00,25.0,0.15847083390387512,1,49,invalid_event
37167_2018-09-15 00:00:00,37167,2018242N13343,2018-09-15 00:00:00,2018-09-16 11:00:00,35.0,0.12378584643848288,0,59,invalid_event
37179_2018-09-15 01:00:00,37179,2018242N13343,2018-09-15 01:00:00,2018-09-16 22:00:00,45.0,0.08630447510245748,0,69,invalid_event
45057_2018-09-15 14:00:00,45057,2018242N13343,2018-09-15 14:00:00,2018-09-17 01:00:00,35.0,0.16764009868586677,2,59,invalid_event
39163_2018-09-16 01:00:00,39163,2018242N13343,2018-09-16 01:00:00,2018-09-17 17:00:00,40.0,0.06288294098677846,0,64,invalid_event
51077_2018-09-17 02:00:00,51077,2018242N13343,2018-09-17 02:00:00,2018-09-18 03:00:00,25.0,0.10510135459698337,0,49,invalid_event
54017_2018-09-17 14:00:00,54017,2018242N13343,2018-09-17 14:00:00,2018-09-18 18:00:00,28.0,0.18256805059114656,3,52,invalid_event
36039_2018-09-19 23:00:00,36039,2018242N13343,2018-09-19 23:00:00,2018-09-22 00:00:00,49.0,0.061673188000745296,0,73,invalid_event
28061_2018-09-04 03:00:00,28061,2018246N22283,2018-09-04 03:00:00,2018-09-05 15:00:00,36.0,0.11625603565680327,0,60,invalid_event
28129_2018-09-04 04:00:00,28129,2018246N22283,2018-09-04 04:00:00,2018-09-05 15:00:00,35.0,0.08742542450665443,0,59,invalid_event
28025_2018-09-07 17:00:00,28025,2018246N22283,2018-09-07 17:00:00,2018-09-08 20:00:00,27.0,0.3024390243902439,1,51,invalid_event
12049_2018-09-09 01:00:00,12049,2018246N22283,2018-09-09 01:00:00,2018-09-10 03:00:00,26.0,0.09226447709593777,0,50,invalid_event
45027_2018-10-09 23:00:00,45027,2018280N18273,2018-10-09 23:00:00,2018-10-11 20:00:00,45.0,0.3393889347646573,4,69,invalid_event
37049_2018-10-10 05:00:00,37049,2018280N18273,2018-10-10 05:00:00,2018-10-12 15:00:00,58.0,0.15199943177782513,1,82,invalid_event
45085_2018-10-11 13:00:00,45085,2018280N18273,2018-10-11 13:00:00,2018-10-12 14:00:00,25.0,0.2770610278372591,4,49,invalid_event
37109_2018-10-11 19:00:00,37109,2018280N18273,2018-10-11 19:00:00,2018-10-12 21:00:00,26.0,0.17801956131720587,4,50,invalid_event
51019_2018-10-11 20:00:00,51019,2018280N18273,2018-10-11 20:00:00,2018-10-12 22:00:00,26.0,0.1479221074145566,0,50,invalid_event
37119_2018-10-11 20:00:00,37119,2018280N18273,2018-10-11 20:00:00,2018-10-12 23:00:00,27.0,0.10950288320818738,0,51,invalid_event
51035_2018-10-11 20:00:00,51035,2018280N18273,2018-10-11 20:00:00,2018-10-12 20:00:00,24.0,0.15268419908715497,2,48,invalid_event
51067_2018-10-11 21:00:00,51067,2018280N18273,2018-10-11 21:00:00,2018-10-13 15:00:00,42.0,0.0882197405667714,0,66,invalid_event
51031_2018-10-11 22:00:00,51031,2018280N18273,2018-10-11 22:00:00,2018-10-12 23:00:00,25.0,0.1689947573976989,3,49,invalid_event
48183_2019-07-10 00:00:00,48183,2019192N29274,2019-07-10 00:00:00,2019-07-11 09:00:00,33.0,0.1156668875184751,0,57,invalid_event
40089_2019-07-10 14:00:00,40089,2019192N29274,2019-07-10 14:00:00,2019-07-11 15:00:00,25.0,0.12233676975945017,0,49,invalid_event
05133_2019-07-11 01:00:00,05133,2019192N29274,2019-07-11 01:00:00,2019-07-12 23:00:00,46.0,0.11920768307322929,0,70,invalid_event
22085_2019-07-12 17:00:00,22085,2019192N29274,2019-07-12 17:00:00,2019-07-14 00:00:00,31.0,0.14934281115879827,0,55,invalid_event
22093_2019-07-13 04:00:00,22093,2019192N29274,2019-07-13 04:00:00,2019-07-15 19:00:00,63.0,0.09945476575121164,0,87,invalid_event
22001_2019-07-13 05:00:00,22001,2019192N29274,2019-07-13 05:00:00,2019-07-14 16:00:00,35.0,0.09215657420351703,0,59,invalid_event
22037_2019-07-13 14:00:00,22037,2019192N29274,2019-07-13 14:00:00,2019-07-14 16:00:00,26.0,0.12809026049444167,0,50,invalid_event
22043_2019-07-13 19:00:00,22043,2019192N29274,2019-07-13 19:00:00,2019-07-15 00:00:00,29.0,0.1943701166648828,1,53,invalid_event
22097_2019-07-13 22:00:00,22097,2019192N29274,2019-07-13 22:00:00,2019-07-14 22:00:00,24.0,0.1504072277359918,1,48,invalid_event
29055_2019-07-14 11:00:00,29055,2019192N29274,2019-07-14 11:00:00,2019-07-15 21:00:00,34.0,0.36964586846543,2,58,invalid_event
22011_2019-07-14 11:00:00,22011,2019192N29274,2019-07-14 11:00:00,2019-07-16 00:00:00,37.0,0.0655441400304414,0,61,invalid_event
13191_2019-09-03 21:00:00,13191,2019236N10314,2019-09-03 21:00:00,2019-09-05 02:00:00,29.0,0.10551353988777751,0,53,invalid_event
37065_2019-09-06 07:00:00,37065,2019236N10314,2019-09-06 07:00:00,2019-09-07 19:00:00,36.0,0.19989126495106924,3,60,invalid_event
48291_2019-09-18 16:00:00,48291,2019261N28264,2019-09-18 16:00:00,2019-09-20 14:00:00,46.0,0.16234873710712255,1,70,invalid_event
48167_2019-09-19 09:00:00,48167,2019261N28264,2019-09-19 09:00:00,2019-09-21 05:00:00,44.0,0.08116997158093049,0,68,invalid_event
48361_2019-09-19 13:00:00,48361,2019261N28264,2019-09-19 13:00:00,2019-09-20 17:00:00,28.0,0.10341886590150352,0,52,invalid_event
48071_2019-09-19 18:00:00,48071,2019261N28264,2019-09-19 18:00:00,2019-09-21 13:00:00,43.0,0.14399104507988195,0,67,invalid_event
22089_2019-10-25 15:00:00,22089,2019299N25265,2019-10-25 15:00:00,2019-10-26 23:00:00,32.0,0.20475192173305382,3,56,invalid_event
22087_2019-10-25 21:00:00,22087,2019299N25265,2019-10-25 21:00:00,2019-10-27 03:00:00,30.0,0.08337890916322777,0,54,invalid_event
22051_2019-10-26 11:00:00,22051,2019299N25265,2019-10-26 11:00:00,2019-10-27 18:00:00,31.0,0.12913525666458842,0,55,invalid_event
18153_2019-10-27 03:00:00,18153,2019299N25265,2019-10-27 03:00:00,2019-10-28 12:00:00,33.0,0.07774140752864157,0,57,invalid_event
22037_2019-10-29 20:00:00,22037,2019299N25265,2019-10-29 20:00:00,2019-10-31 22:00:00,50.0,0.06357615894039735,0,74,invalid_event
39081_2020-05-25 21:00:00,39081,2020148N32281,2020-05-25 21:00:00,2020-05-26 23:00:00,26.0,0.07704218768259904,0,50,invalid_event
54043_2020-05-28 07:00:00,54043,2020148N32281,2020-05-28 07:00:00,2020-05-29 17:00:00,34.0,0.0928307204509424,0,58,invalid_event
42007_2020-05-28 14:00:00,42007,2020148N32281,2020-05-28 14:00:00,2020-05-30 01:00:00,35.0,0.14044090479904758,0,59,invalid_event
54087_2020-05-28 15:00:00,54087,2020148N32281,2020-05-28 15:00:00,2020-05-30 16:00:00,49.0,0.08114086146682188,0,73,invalid_event
28143_2020-06-05 20:00:00,28143,2020154N19269,2020-06-05 20:00:00,2020-06-08 15:00:00,67.0,0.10165609584214236,0,91,invalid_event
28027_2020-06-05 22:00:00,28027,2020154N19269,2020-06-05 22:00:00,2020-06-08 05:00:00,55.0,0.16425868593051254,2,79,invalid_event
28127_2020-06-06 02:00:00,28127,2020154N19269,2020-06-06 02:00:00,2020-06-09 00:00:00,70.0,0.24954945404431253,2,94,invalid_event
05059_2020-06-06 06:00:00,05059,2020154N19269,2020-06-06 06:00:00,2020-06-08 07:00:00,49.0,0.13874298134395943,0,73,invalid_event
28157_2020-06-08 15:00:00,28157,2020154N19269,2020-06-08 15:00:00,2020-06-10 16:00:00,49.0,0.09944935758384782,0,73,invalid_event
05099_2020-06-09 01:00:00,05099,2020154N19269,2020-06-09 01:00:00,2020-06-10 16:00:00,39.0,0.1441692179237406,0,63,invalid_event
28063_2020-06-09 04:00:00,28063,2020154N19269,2020-06-09 04:00:00,2020-06-11 01:00:00,45.0,0.0970317297850563,0,69,invalid_event
22087_2020-06-10 15:00:00,22087,2020154N19269,2020-06-10 15:00:00,2020-06-12 01:00:00,34.0,0.09953612317410186,0,58,invalid_event
55119_2020-06-11 23:00:00,55119,2020154N19269,2020-06-11 23:00:00,2020-06-13 12:00:00,37.0,0.16483346243222308,2,61,invalid_event
36079_2020-07-08 19:00:00,36079,2020188N28271,2020-07-08 19:00:00,2020-07-10 00:00:00,29.0,0.1405241429646694,0,53,invalid_event
45047_2020-07-09 11:00:00,45047,2020188N28271,2020-07-09 11:00:00,2020-07-10 20:00:00,33.0,0.07307198193638806,0,57,invalid_event
01087_2020-07-12 23:00:00,01087,2020188N28271,2020-07-12 23:00:00,2020-07-16 01:00:00,74.0,0.13380281690140844,0,98,invalid_event
13315_2020-07-13 13:00:00,13315,2020188N28271,2020-07-13 13:00:00,2020-07-16 04:00:00,63.0,0.26522187822497423,3,87,invalid_event
48311_2020-07-26 10:00:00,48311,2020205N26272,2020-07-26 10:00:00,2020-07-27 19:00:00,33.0,0.24954792043399637,1,57,invalid_event
48057_2020-07-28 22:00:00,48057,2020205N26272,2020-07-28 22:00:00,2020-07-30 01:00:00,27.0,0.8138747884940778,4,51,invalid_event
48273_2020-07-29 19:00:00,48273,2020205N26272,2020-07-29 19:00:00,2020-07-31 12:00:00,41.0,0.12685026832576518,0,65,invalid_event
51145_2020-07-31 23:00:00,51145,2020211N13306,2020-07-31 23:00:00,2020-08-04 15:00:00,88.0,0.20929126367528145,1,112,invalid_event
33007_2020-08-03 00:00:00,33007,2020211N13306,2020-08-03 00:00:00,2020-08-05 08:00:00,56.0,0.09242779078844653,0,80,invalid_event
37055_2020-08-03 01:00:00,37055,2020211N13306,2020-08-03 01:00:00,2020-08-04 17:00:00,40.0,0.21166670679153526,3,64,invalid_event
51181_2020-08-04 00:00:00,51181,2020211N13306,2020-08-04 00:00:00,2020-08-06 18:00:00,66.0,0.4741506646971935,4,90,invalid_event
51183_2020-08-04 12:00:00,51183,2020211N13306,2020-08-04 12:00:00,2020-08-05 21:00:00,33.0,0.2570550433081866,3,57,invalid_event
51097_2020-08-04 14:00:00,51097,2020211N13306,2020-08-04 14:00:00,2020-08-05 19:00:00,29.0,0.24875385710894848,3,53,invalid_event
24011_2020-08-04 16:00:00,24011,2020211N13306,2020-08-04 16:00:00,2020-08-05 16:00:00,24.0,0.252442996742671,4,48,invalid_event
24029_2020-08-04 17:00:00,24029,2020211N13306,2020-08-04 17:00:00,2020-08-06 14:00:00,45.0,0.15836842539839815,1,69,invalid_event
42011_2020-08-04 18:00:00,42011,2020211N13306,2020-08-04 18:00:00,2020-08-05 22:00:00,28.0,0.14278977098104048,0,52,invalid_event
36111_2020-08-04 20:00:00,36111,2020211N13306,2020-08-04 20:00:00,2020-08-06 03:00:00,31.0,0.14790735473384803,0,55,invalid_event
34017_2020-08-04 20:00:00,34017,2020211N13306,2020-08-04 20:00:00,2020-08-05 20:00:00,24.0,0.09881236545755415,0,48,invalid_event
23007_2020-08-05 03:00:00,23007,2020211N13306,2020-08-05 03:00:00,2020-08-06 23:00:00,44.0,0.13098086124401914,0,68,invalid_event
18129_2020-08-25 08:00:00,18129,2020233N14313,2020-08-25 08:00:00,2020-08-26 15:00:00,31.0,0.11660664265706283,0,55,invalid_event
22047_2020-08-26 00:00:00,22047,2020233N14313,2020-08-26 00:00:00,2020-08-27 23:00:00,47.0,0.12582200789127576,0,71,invalid_event
05095_2020-08-27 03:00:00,05095,2020233N14313,2020-08-27 03:00:00,2020-08-29 00:00:00,45.0,0.1346153846153846,0,69,invalid_event
28137_2020-08-27 06:00:00,28137,2020233N14313,2020-08-27 06:00:00,2020-08-28 07:00:00,25.0,0.10923364485981309,0,49,invalid_event
21223_2020-08-27 08:00:00,21223,2020233N14313,2020-08-27 08:00:00,2020-08-28 23:00:00,39.0,0.7535321821036107,4,63,invalid_event
22065_2020-08-27 18:00:00,22065,2020233N14313,2020-08-27 18:00:00,2020-08-31 01:00:00,79.0,0.13111447302067575,0,103,invalid_event
22123_2020-08-27 19:00:00,22123,2020233N14313,2020-08-27 19:00:00,2020-08-29 01:00:00,30.0,0.2657640232108317,2,54,invalid_event
05043_2020-08-27 20:00:00,05043,2020233N14313,2020-08-27 20:00:00,2020-08-29 15:00:00,43.0,0.16978627372892605,2,67,invalid_event
05133_2020-08-28 10:00:00,05133,2020233N14313,2020-08-28 10:00:00,2020-08-30 11:00:00,49.0,0.1008652364584568,0,73,invalid_event
48455_2020-08-29 01:00:00,48455,2020233N14313,2020-08-29 01:00:00,2020-08-31 05:00:00,52.0,0.15483931768919046,1,76,invalid_event
29229_2020-08-29 19:00:00,29229,2020233N14313,2020-08-29 19:00:00,2020-08-31 21:00:00,50.0,0.3444385686585581,2,74,invalid_event
29215_2020-08-29 20:00:00,29215,2020233N14313,2020-08-29 20:00:00,2020-08-31 22:00:00,50.0,0.13069236890971792,0,74,invalid_event
48315_2020-08-30 10:00:00,48315,2020233N14313,2020-08-30 10:00:00,2020-09-02 02:00:00,64.0,0.23264659270998414,4,88,invalid_event
28143_2020-08-30 16:00:00,28143,2020233N14313,2020-08-30 16:00:00,2020-08-31 16:00:00,24.0,0.26638005159071365,2,48,invalid_event
21077_2020-09-01 06:00:00,21077,2020233N14313,2020-09-01 06:00:00,2020-09-03 09:00:00,51.0,0.08866371120962635,0,75,invalid_event
22047_2020-08-26 00:00:00,22047,2020234N14280,2020-08-26 00:00:00,2020-08-27 23:00:00,47.0,0.12582200789127576,0,71,invalid_event
37165_2020-09-11 03:00:00,37165,2020256N25281,2020-09-11 03:00:00,2020-09-12 06:00:00,27.0,0.10865813317992233,0,51,invalid_event
12013_2020-09-12 22:00:00,12013,2020256N25281,2020-09-12 22:00:00,2020-09-17 14:00:00,112.0,0.1825346112886049,4,136,invalid_event
13145_2020-09-16 06:00:00,13145,2020256N25281,2020-09-16 06:00:00,2020-09-17 15:00:00,33.0,0.07864169728576509,0,57,invalid_event
01131_2020-09-16 14:00:00,01131,2020256N25281,2020-09-16 14:00:00,2020-09-19 17:00:00,75.0,0.4027889084789229,3,99,invalid_event
01041_2020-09-16 17:00:00,01041,2020256N25281,2020-09-16 17:00:00,2020-09-17 20:00:00,27.0,0.12944101371401073,0,51,invalid_event
13193_2020-09-17 11:00:00,13193,2020256N25281,2020-09-17 11:00:00,2020-09-19 00:00:00,37.0,0.11760894216750364,0,61,invalid_event
13317_2020-09-18 17:00:00,13317,2020256N25281,2020-09-18 17:00:00,2020-09-19 21:00:00,28.0,0.05548216644649934,0,52,invalid_event
22053_2020-09-19 18:00:00,22053,2020261N21265,2020-09-19 18:00:00,2020-09-21 19:00:00,49.0,0.07842824055586614,0,73,invalid_event
22085_2020-09-21 18:00:00,22085,2020261N21265,2020-09-21 18:00:00,2020-09-23 19:00:00,49.0,0.06904909881914233,0,73,invalid_event
28081_2020-10-09 06:00:00,28081,2020279N16284,2020-10-09 06:00:00,2020-10-10 06:00:00,24.0,0.09758613575407468,0,48,invalid_event
47171_2020-10-26 21:00:00,47171,2020299N18277,2020-10-26 21:00:00,2020-10-28 17:00:00,44.0,0.05628140703517588,0,68,invalid_event
22077_2020-10-27 11:00:00,22077,2020299N18277,2020-10-27 11:00:00,2020-10-29 02:00:00,39.0,0.15472216768113095,1,63,invalid_event
28065_2020-10-27 14:00:00,28065,2020299N18277,2020-10-27 14:00:00,2020-10-29 05:00:00,39.0,0.058793650793650794,0,63,invalid_event
45021_2020-10-28 00:00:00,45021,2020299N18277,2020-10-28 00:00:00,2020-10-30 01:00:00,49.0,0.11390700610140964,0,73,invalid_event
37037_2020-10-28 16:00:00,37037,2020299N18277,2020-10-28 16:00:00,2020-10-30 02:00:00,34.0,0.4301568719269492,4,58,invalid_event
13063_2020-10-29 09:00:00,13063,2020299N18277,2020-10-29 09:00:00,2020-10-31 02:00:00,41.0,0.13574484957623617,0,65,invalid_event
13013_2020-10-29 10:00:00,13013,2020299N18277,2020-10-29 10:00:00,2020-10-30 12:00:00,26.0,0.10472556501320811,0,50,invalid_event
13297_2020-10-29 10:00:00,13297,2020299N18277,2020-10-29 10:00:00,2020-10-30 22:00:00,36.0,0.16339699074074074,2,60,invalid_event
13195_2020-10-29 11:00:00,13195,2020299N18277,2020-10-29 11:00:00,2020-10-30 13:00:00,26.0,0.27896095514682157,2,50,invalid_event
45007_2020-10-29 13:00:00,45007,2020299N18277,2020-10-29 13:00:00,2020-10-30 19:00:00,30.0,0.1445196211096076,0,54,invalid_event
01055_2020-10-29 14:00:00,01055,2020299N18277,2020-10-29 14:00:00,2020-10-30 15:00:00,25.0,0.18771808699221884,4,49,invalid_event
37109_2020-10-29 14:00:00,37109,2020299N18277,2020-10-29 14:00:00,2020-10-30 17:00:00,27.0,0.22168361941089212,4,51,invalid_event
37081_2020-10-29 16:00:00,37081,2020299N18277,2020-10-29 16:00:00,2020-10-30 16:00:00,24.0,0.18210537368351373,4,48,invalid_event
37193_2020-10-29 16:00:00,37193,2020299N18277,2020-10-29 16:00:00,2020-10-30 18:00:00,26.0,0.1001865174527045,0,50,invalid_event
13265_2020-10-30 10:00:00,13265,2020299N18277,2020-10-30 10:00:00,2020-10-31 12:00:00,26.0,0.07655954631379962,0,50,invalid_event
01131_2021-06-19 16:00:00,01131,2021169N23268,2021-06-19 16:00:00,2021-06-21 18:00:00,50.0,0.11054216867469879,0,74,invalid_event
13123_2021-06-20 07:00:00,13123,2021169N23268,2021-06-20 07:00:00,2021-06-22 13:00:00,54.0,0.14337220438285167,0,78,invalid_event
47139_2021-06-20 07:00:00,47139,2021169N23268,2021-06-20 07:00:00,2021-06-22 05:00:00,46.0,0.23491964099352952,1,70,invalid_event
01057_2021-06-22 09:00:00,01057,2021169N23268,2021-06-22 09:00:00,2021-06-23 23:00:00,38.0,0.07812940182176731,0,62,invalid_event
12051_2021-07-04 07:00:00,12051,2021182N09317,2021-07-04 07:00:00,2021-07-05 22:00:00,39.0,0.19552484369858505,1,63,invalid_event
34041_2021-07-07 00:00:00,34041,2021182N09317,2021-07-07 00:00:00,2021-07-09 03:00:00,51.0,0.16566172517090405,4,75,invalid_event
45029_2021-07-08 07:00:00,45029,2021182N09317,2021-07-08 07:00:00,2021-07-10 09:00:00,50.0,0.16449048070610547,2,74,invalid_event
51093_2021-07-09 02:00:00,51093,2021182N09317,2021-07-09 02:00:00,2021-07-10 20:00:00,42.0,0.09552748378286105,0,66,invalid_event
37149_2021-07-09 20:00:00,37149,2021182N09317,2021-07-09 20:00:00,2021-07-11 15:00:00,43.0,0.05412712718019403,0,67,invalid_event
13207_2021-07-09 23:00:00,13207,2021182N09317,2021-07-09 23:00:00,2021-07-11 05:00:00,30.0,0.10966168850960073,0,54,invalid_event
13087_2021-08-15 06:00:00,13087,2021222N14301,2021-08-15 06:00:00,2021-08-17 02:00:00,44.0,0.1811136039159698,1,68,invalid_event
39015_2021-08-16 14:00:00,39015,2021222N14301,2021-08-16 14:00:00,2021-08-17 22:00:00,32.0,0.05371900826446281,0,56,invalid_event
13317_2021-08-16 16:00:00,13317,2021222N14301,2021-08-16 16:00:00,2021-08-17 22:00:00,30.0,0.35468956406869223,1,54,invalid_event
39105_2021-08-17 17:00:00,39105,2021222N14301,2021-08-17 17:00:00,2021-08-18 19:00:00,26.0,0.07986688851913477,0,50,invalid_event
21159_2021-08-18 02:00:00,21159,2021222N14301,2021-08-18 02:00:00,2021-08-20 07:00:00,53.0,0.0736671469740634,0,77,invalid_event
54005_2021-08-18 05:00:00,54005,2021222N14301,2021-08-18 05:00:00,2021-08-20 01:00:00,44.0,0.16219734444155168,3,68,invalid_event
54085_2021-08-18 12:00:00,54085,2021222N14301,2021-08-18 12:00:00,2021-08-20 19:00:00,55.0,0.14213663457129758,0,79,invalid_event
54047_2021-08-19 23:00:00,54047,2021222N14301,2021-08-19 23:00:00,2021-08-21 22:00:00,47.0,0.08144339362776605,0,71,invalid_event
54063_2021-08-21 00:00:00,54063,2021222N14301,2021-08-21 00:00:00,2021-08-22 17:00:00,41.0,0.13728791607304752,0,65,invalid_event
44003_2021-08-22 17:00:00,44003,2021222N14301,2021-08-22 17:00:00,2021-08-23 21:00:00,28.0,0.16802157961814965,4,52,invalid_event
44003_2021-08-22 17:00:00,44003,2021227N36297,2021-08-22 17:00:00,2021-08-23 21:00:00,28.0,0.16802157961814965,4,52,invalid_event
51099_2021-08-27 07:00:00,51099,2021239N17281,2021-08-27 07:00:00,2021-08-29 16:00:00,57.0,0.0652903658945955,0,81,invalid_event
28123_2021-08-28 22:00:00,28123,2021239N17281,2021-08-28 22:00:00,2021-09-02 02:00:00,100.0,0.15061846511310054,1,124,invalid_event
47161_2021-08-29 14:00:00,47161,2021239N17281,2021-08-29 14:00:00,2021-08-31 16:00:00,50.0,0.12023995826812728,0,74,invalid_event
28043_2021-08-29 19:00:00,28043,2021239N17281,2021-08-29 19:00:00,2021-08-30 21:00:00,26.0,0.12083771468629513,0,50,invalid_event
28105_2021-08-29 20:00:00,28105,2021239N17281,2021-08-29 20:00:00,2021-09-02 02:00:00,78.0,0.5138981755659566,2,102,invalid_event
01023_2021-08-29 20:00:00,01023,2021239N17281,2021-08-29 20:00:00,2021-08-31 21:00:00,49.0,0.09352268791132663,0,73,invalid_event
28031_2021-08-30 07:00:00,28031,2021239N17281,2021-08-30 07:00:00,2021-09-03 23:00:00,112.0,0.21935987509758,4,136,invalid_event
28099_2021-08-30 12:00:00,28099,2021239N17281,2021-08-30 12:00:00,2021-09-02 04:00:00,64.0,0.14820359281437126,0,88,invalid_event
28079_2021-08-30 16:00:00,28079,2021239N17281,2021-08-30 16:00:00,2021-09-02 02:00:00,58.0,0.12740974412898703,0,82,invalid_event
01065_2021-08-30 22:00:00,01065,2021239N17281,2021-08-30 22:00:00,2021-09-02 01:00:00,51.0,0.14844200807847663,0,75,invalid_event
28069_2021-08-30 23:00:00,28069,2021239N17281,2021-08-30 23:00:00,2021-09-02 01:00:00,50.0,0.10462707182320442,0,74,invalid_event
13123_2021-08-30 23:00:00,13123,2021239N17281,2021-08-30 23:00:00,2021-09-02 01:00:00,50.0,0.16785774576557314,1,74,invalid_event
51091_2021-08-31 13:00:00,51091,2021239N17281,2021-08-31 13:00:00,2021-09-01 17:00:00,28.0,0.12937660119555935,0,52,invalid_event
51017_2021-08-31 14:00:00,51017,2021239N17281,2021-08-31 14:00:00,2021-09-01 17:00:00,27.0,0.16391184573002754,1,51,invalid_event
28015_2021-08-31 16:00:00,28015,2021239N17281,2021-08-31 16:00:00,2021-09-01 23:00:00,31.0,0.1704456606724003,1,55,invalid_event
37075_2021-09-01 04:00:00,37075,2021239N17281,2021-09-01 04:00:00,2021-09-03 00:00:00,44.0,0.09707658087067048,0,68,invalid_event
28051_2021-09-01 23:00:00,28051,2021239N17281,2021-09-01 23:00:00,2021-09-03 00:00:00,25.0,0.16984615384615384,2,49,invalid_event
28007_2021-09-01 23:00:00,28007,2021239N17281,2021-09-01 23:00:00,2021-09-03 01:00:00,26.0,0.2521923996811055,4,50,invalid_event
42091_2021-09-01 23:00:00,42091,2021239N17281,2021-09-01 23:00:00,2021-09-03 04:00:00,29.0,0.12273341330196699,0,53,invalid_event
28163_2021-09-02 00:00:00,28163,2021239N17281,2021-09-02 00:00:00,2021-09-03 01:00:00,25.0,0.15263157894736842,3,49,invalid_event
34019_2021-09-02 02:00:00,34019,2021239N17281,2021-09-02 02:00:00,2021-09-03 10:00:00,32.0,0.13215051988777027,0,56,invalid_event
12065_2021-09-09 07:00:00,12065,2021252N28273,2021-09-09 07:00:00,2021-09-10 08:00:00,25.0,0.22342809956352483,3,49,invalid_event
28005_2021-09-11 14:00:00,28005,2021256N21265,2021-09-11 14:00:00,2021-09-12 16:00:00,26.0,0.09093182197032838,0,50,invalid_event
22081_2021-09-12 19:00:00,22081,2021256N21265,2021-09-12 19:00:00,2021-09-13 19:00:00,24.0,0.10056963268513062,0,48,invalid_event
22077_2021-09-16 00:00:00,22077,2021256N21265,2021-09-16 00:00:00,2021-09-18 01:00:00,49.0,0.15733647613435475,1,73,invalid_event
12109_2022-09-29 08:00:00,12109,2022263N10313,2022-09-29 08:00:00,2022-09-30 22:00:00,38.0,0.14669185153968875,0,62,invalid_event
51073_2022-09-29 15:00:00,51073,2022263N10313,2022-09-29 15:00:00,2022-10-01 14:00:00,47.0,0.19336801672582293,1,71,invalid_event
45025_2022-09-29 20:00:00,45025,2022263N10313,2022-09-29 20:00:00,2022-10-01 15:00:00,43.0,0.1671743146751885,1,67,invalid_event
51147_2022-09-29 21:00:00,51147,2022263N10313,2022-09-29 21:00:00,2022-10-01 15:00:00,42.0,0.16656487217520285,2,66,invalid_event
37017_2022-09-30 16:00:00,37017,2022263N10313,2022-09-30 16:00:00,2022-10-01 19:00:00,27.0,0.13324621485219898,0,51,invalid_event
37165_2022-09-30 21:00:00,37165,2022263N10313,2022-09-30 21:00:00,2022-10-02 16:00:00,43.0,0.14989776492984558,0,67,invalid_event
37085_2022-09-30 21:00:00,37085,2022263N10313,2022-09-30 21:00:00,2022-10-01 21:00:00,24.0,0.1459374904149925,0,48,invalid_event
37105_2022-09-30 22:00:00,37105,2022263N10313,2022-09-30 22:00:00,2022-10-01 22:00:00,24.0,0.14772348695169352,0,48,invalid_event
37019_2022-09-30 22:00:00,37019,2022263N10313,2022-09-30 22:00:00,2022-10-02 12:00:00,38.0,0.18057102133535255,1,62,invalid_event
37151_2022-09-30 22:00:00,37151,2022263N10313,2022-09-30 22:00:00,2022-10-01 22:00:00,24.0,0.148543663039359,0,48,invalid_event
