GeoFIPS,GeoName,Region,TableName,LineCode,IndustryClassification,Description,Unit,2001,2002,2003,2004,2005,2006,2007,2008,2009,2010,2011,2012,2013,2014,2015,2016,2017,2018,2019,2020,2021,2022,2023,2024
 "01000","Alabama",5,CAGDP1,1,"...","Real GDP (thousands of chained 2017 dollars) ","Thousands of chained 2017 dollars",168448296,172430379,178039962,189913745,197246483,199923857,202025481,200967427,194192061,199454968,201372839,203675511,206962905,206070026,208950294,212862789,216615470,220808767,225272775,223025492,233951112,239846555,248313684,255629447
 "01000","Alabama",5,CAGDP1,2,"...","Chain-type quantity indexes for real GDP ","Quantity index",77.764,79.602,82.192,87.673,91.058,92.294,93.265,92.776,89.648,92.078,92.963,94.026,95.544,95.132,96.461,98.268,100.000,101.936,103.997,102.959,108.003,110.725,114.633,118.011
 "01000","Alabama",5,CAGDP1,3,"...","Current-dollar GDP (thousands of current dollars) ","Thousands of dollars",123534517,128380896,135212626,148379077,158677285,166048211,172246995,174665564,170876463,177510738,182896716,188280709,193981544,197064403,203113340,208824280,216615470,226263784,234798213,235858989,260325008,286873326,309543781,325345077
 "01001","Autauga, AL",5,CAGDP1,1,"...","Real GDP (thousands of chained 2017 dollars) ","Thousands of chained 2017 dollars",1041239,1080135,1111465,1283522,1297102,1384119,1407555,1283751,1316046,1409007,1493906,1726577,1618151,1629762,1765826,1846256,1762558,1787534,1740015,1749999,1738222,1883611,1907174,1758017
 "01001","Autauga, AL",5,CAGDP1,2,"...","Chain-type quantity indexes for real GDP ","Quantity index",59.075,61.282,63.060,72.822,73.592,78.529,79.859,72.835,74.667,79.941,84.758,97.959,91.807,92.466,100.185,104.749,100.000,101.417,98.721,99.287,98.619,106.868,108.205,99.742
 "01001","Autauga, AL",5,CAGDP1,3,"...","Current-dollar GDP (thousands of current dollars) ","Thousands of dollars",760973,800045,834208,984461,1015320,1124089,1182234,1097703,1175769,1262883,1354851,1571793,1510473,1569120,1729098,1806246,1762558,1826642,1814228,1844494,1956712,2307763,2418431,2251415
 "01003","Baldwin, AL",5,CAGDP1,1,"...","Real GDP (thousands of chained 2017 dollars) ","Thousands of chained 2017 dollars",4470762,4699162,4987728,5488860,6091919,6264024,6447685,6230645,5926780,6012889,5930698,5998672,6314704,6455247,6757534,7113177,7382558,7758980,8145105,8110635,8697749,9224845,9928360,10208956
 "01003","Baldwin, AL",5,CAGDP1,2,"...","Chain-type quantity indexes for real GDP ","Quantity index",60.558,63.652,67.561,74.349,82.518,84.849,87.337,84.397,80.281,81.447,80.334,81.255,85.535,87.439,91.534,96.351,100.000,105.099,110.329,109.862,117.815,124.955,134.484,138.285
 "01003","Baldwin, AL",5,CAGDP1,3,"...","Current-dollar GDP (thousands of current dollars) ","Thousands of dollars",3128482,3369358,3642003,4117129,4717641,5031537,5330102,5238424,5103539,5196713,5187704,5374384,5776842,6034727,6492574,6983037,7382558,7935575,8558537,8772255,9847192,11204369,12715368,13446245
 "01005","Barbour, AL",5,CAGDP1,1,"...","Real GDP (thousands of chained 2017 dollars) ","Thousands of chained 2017 dollars",849519,834951,858421,930345,930410,908655,878961,826389,809671,822879,773539,747338,841037,799643,781055,770750,761761,774076,762090,733805,757063,748152,730176,747750
 "01005","Barbour, AL",5,CAGDP1,2,"...","Chain-type quantity indexes for real GDP ","Quantity index",111.521,109.608,112.689,122.131,122.139,119.284,115.385,108.484,106.289,108.023,101.546,98.107,110.407,104.973,102.533,101.180,100.000,101.617,100.043,96.330,99.383,98.214,95.854,98.161
 "01005","Barbour, AL",5,CAGDP1,3,"...","Current-dollar GDP (thousands of current dollars) ","Thousands of dollars",642028,637765,664978,741585,748820,744004,739799,713602,721550,742089,715202,709535,812222,779299,765000,757473,761761,789103,793769,788685,872912,936446,947164,985771
 "01007","Bibb, AL",5,CAGDP1,1,"...","Real GDP (thousands of chained 2017 dollars) ","Thousands of chained 2017 dollars",324835,329110,345033,360869,361489,359238,383059,383076,374642,405362,412477,409288,409987,406249,393928,401486,406741,397141,441282,462167,460926,458937,471817,476273
 "01007","Bibb, AL",5,CAGDP1,2,"...","Chain-type quantity indexes for real GDP ","Quantity index",79.863,80.914,84.829,88.722,88.874,88.321,94.178,94.182,92.108,99.661,101.410,100.626,100.798,99.879,96.850,98.708,100.000,97.640,108.492,113.627,113.322,112.833,115.999,117.095
 "01007","Bibb, AL",5,CAGDP1,3,"...","Current-dollar GDP (thousands of current dollars) ","Thousands of dollars",217109,224813,242515,265078,274898,282976,310906,317444,313213,343621,356101,361969,373402,381354,377535,392287,406741,408791,465977,503482,532104,575284,620324,642360
 "01009","Blount, AL",5,CAGDP1,1,"...","Real GDP (thousands of chained 2017 dollars) ","Thousands of chained 2017 dollars",864755,870368,901330,923210,941426,907245,899931,911999,898372,898246,854229,929622,930928,962397,1014647,944003,987967,1046736,1012139,907449,1033241,1041201,1086171,1174999
 "01009","Blount, AL",5,CAGDP1,2,"...","Chain-type quantity indexes for real GDP ","Quantity index",87.529,88.097,91.231,93.445,95.289,91.829,91.089,92.311,90.931,90.919,86.463,94.094,94.227,97.412,102.700,95.550,100.000,105.948,102.447,91.850,104.582,105.388,109.940,118.931
 "01009","Blount, AL",5,CAGDP1,3,"...","Current-dollar GDP (thousands of current dollars) ","Thousands of dollars",622473,637704,677995,721248,746559,741471,759827,788183,791532,799590,775638,864157,884069,928552,987510,925988,987967,1064218,1055980,974054,1161683,1279743,1389917,1534975
 "01011","Bullock, AL",5,CAGDP1,1,"...","Real GDP (thousands of chained 2017 dollars) ","Thousands of chained 2017 dollars",253615,262385,259066,255625,252048,260973,245308,243624,274377,258957,247606,265390,241960,227326,222752,244091,244958,257012,266360,271363,263222,258330,281803,292695
 "01011","Bullock, AL",5,CAGDP1,2,"...","Chain-type quantity indexes for real GDP ","Quantity index",103.534,107.114,105.759,104.355,102.894,106.538,100.143,99.455,112.009,105.715,101.081,108.341,98.776,92.802,90.935,99.646,100.000,104.921,108.737,110.779,107.456,105.459,115.041,119.488
 "01011","Bullock, AL",5,CAGDP1,3,"...","Current-dollar GDP (thousands of current dollars) ","Thousands of dollars",175064,184625,187913,191745,190022,199763,196703,201177,229522,222175,221503,244911,230567,219838,218211,240527,244958,259251,274843,287685,297842,308928,354647,375414
 "01013","Butler, AL",5,CAGDP1,1,"...","Real GDP (thousands of chained 2017 dollars) ","Thousands of chained 2017 dollars",461352,477532,498974,522962,515349,511149,543165,529879,495982,577171,601003,588210,594973,597419,620733,611955,630225,653349,637975,602970,640293,647451,665432,702420
 "01013","Butler, AL",5,CAGDP1,2,"...","Chain-type quantity indexes for real GDP ","Quantity index",73.204,75.772,79.174,82.980,81.772,81.106,86.186,84.078,78.699,91.582,95.363,93.333,94.406,94.795,98.494,97.101,100.000,103.669,101.230,95.675,101.597,102.733,105.586,111.455
 "01013","Butler, AL",5,CAGDP1,3,"...","Current-dollar GDP (thousands of current dollars) ","Thousands of dollars",363625,379139,405478,441991,438602,442919,481543,474064,444955,524241,550388,551674,570775,584623,607347,598885,630225,666661,658166,635504,742211,823912,854889,903761
 "01015","Calhoun, AL",5,CAGDP1,1,"...","Real GDP (thousands of chained 2017 dollars) ","Thousands of chained 2017 dollars",3738470,3845020,3998886,4325523,4567037,4568102,4698563,4766737,4506202,4705487,4460812,4463867,4347654,4186770,4145820,4201651,4244400,4342966,4566934,4479184,4715207,4663474,4845292,4965547
 "01015","Calhoun, AL",5,CAGDP1,2,"...","Chain-type quantity indexes for real GDP ","Quantity index",88.080,90.590,94.216,101.911,107.601,107.627,110.700,112.307,106.168,110.863,105.099,105.171,102.433,98.642,97.677,98.993,100.000,102.322,107.599,105.532,111.092,109.874,114.157,116.991
 "01015","Calhoun, AL",5,CAGDP1,3,"...","Current-dollar GDP (thousands of current dollars) ","Thousands of dollars",2755806,2890197,3056854,3399881,3686250,3805029,4016948,4148936,4008664,4227746,4071263,4135517,4073416,4008257,4032124,4124669,4244400,4456595,4764311,4735698,5250092,5557367,6020085,6287502
 "01017","Chambers, AL",5,CAGDP1,1,"...","Real GDP (thousands of chained 2017 dollars) ","Thousands of chained 2017 dollars",915157,943089,868308,946069,900883,851363,842650,736784,695441,753592,824718,806939,845763,835370,857265,875192,872734,909826,937830,882656,874565,875745,937350,990039
 "01017","Chambers, AL",5,CAGDP1,2,"...","Chain-type quantity indexes for real GDP ","Quantity index",104.861,108.062,99.493,108.403,103.225,97.551,96.553,84.423,79.685,86.348,94.498,92.461,96.910,95.719,98.228,100.282,100.000,104.250,107.459,101.137,100.210,100.345,107.404,113.441
 "01017","Chambers, AL",5,CAGDP1,3,"...","Current-dollar GDP (thousands of current dollars) ","Thousands of dollars",704511,734954,674290,742554,717207,698390,703873,623722,606943,661077,728849,730089,780345,785247,836391,864741,872734,921262,962142,924619,949037,1016734,1153160,1240169
 "01019","Cherokee, AL",5,CAGDP1,1,"...","Real GDP (thousands of chained 2017 dollars) ","Thousands of chained 2017 dollars",414610,413841,437043,475086,464946,483942,504792,523109,476809,508052,513632,528911,567565,557528,568884,562801,558805,592093,575262,534860,596579,608839,603805,632989
 "01019","Cherokee, AL",5,CAGDP1,2,"...","Chain-type quantity indexes for real GDP ","Quantity index",74.196,74.058,78.210,85.018,83.204,86.603,90.334,93.612,85.327,90.918,91.916,94.650,101.568,99.772,101.804,100.715,100.000,105.957,102.945,95.715,106.760,108.954,108.053,113.276
 "01019","Cherokee, AL",5,CAGDP1,3,"...","Current-dollar GDP (thousands of current dollars) ","Thousands of dollars",308803,312404,335164,373100,370578,394358,421951,443208,413057,444080,462423,487261,535351,535539,555496,551657,558805,600426,594496,565767,664711,737041,751168,796657
 "01021","Chilton, AL",5,CAGDP1,1,"...","Real GDP (thousands of chained 2017 dollars) ","Thousands of chained 2017 dollars",703975,729784,762299,811847,830594,844397,852938,812166,795685,819486,884721,916574,969262,908802,940046,972795,983589,1032448,1115138,1072090,1099863,1144511,1196469,1261402
 "01021","Chilton, AL",5,CAGDP1,2,"...","Chain-type quantity indexes for real GDP ","Quantity index",71.572,74.196,77.502,82.539,84.445,85.849,86.717,82.572,80.896,83.316,89.948,93.187,98.543,92.397,95.573,98.903,100.000,104.967,113.374,108.998,111.821,116.361,121.643,128.245
 "01021","Chilton, AL",5,CAGDP1,3,"...","Current-dollar GDP (thousands of current dollars) ","Thousands of dollars",503927,532159,568191,625647,656646,686753,711152,685864,689960,713462,774649,822012,888321,856050,913122,959362,983589,1055223,1161000,1146639,1263022,1414644,1539555,1655036
 "01023","Choctaw, AL",5,CAGDP1,1,"...","Real GDP (thousands of chained 2017 dollars) ","Thousands of chained 2017 dollars",681647,598693,563086,651243,721748,770502,651142,625145,419040,444930,486556,591419,596698,588532,555869,546607,556183,602860,559851,561606,573135,531061,534000,553184
 "01023","Choctaw, AL",5,CAGDP1,2,"...","Chain-type quantity indexes for real GDP ","Quantity index",122.558,107.643,101.241,117.092,129.768,138.534,117.073,112.399,75.342,79.997,87.481,106.335,107.285,105.816,99.944,98.278,100.000,108.393,100.660,100.975,103.048,95.483,96.012,99.461
 "01023","Choctaw, AL",5,CAGDP1,3,"...","Current-dollar GDP (thousands of current dollars) ","Thousands of dollars",511888,446631,420153,487950,557194,623221,539832,543932,361491,398061,450901,550697,571104,566223,537646,528321,556183,618087,574354,567583,622407,664786,698982,727585
 "01025","Clarke, AL",5,CAGDP1,1,"...","Real GDP (thousands of chained 2017 dollars) ","Thousands of chained 2017 dollars",742113,745494,750162,818725,856076,902317,888577,853155,835575,801341,812232,857184,887361,850445,837406,837026,814115,843518,835456,850076,843588,793718,823308,833608
 "01025","Clarke, AL",5,CAGDP1,2,"...","Chain-type quantity indexes for real GDP ","Quantity index",91.156,91.571,92.144,100.566,105.154,110.834,109.146,104.795,102.636,98.431,99.769,105.290,108.997,104.463,102.861,102.814,100.000,103.612,102.621,104.417,103.620,97.495,101.129,102.394
 "01025","Clarke, AL",5,CAGDP1,3,"...","Current-dollar GDP (thousands of current dollars) ","Thousands of dollars",541887,550097,563677,633205,677555,733359,737925,725202,718248,704690,721383,772672,824887,811309,804532,814231,814115,870605,868409,904395,1004278,1048805,1103991,1129866
 "01027","Clay, AL",5,CAGDP1,1,"...","Real GDP (thousands of chained 2017 dollars) ","Thousands of chained 2017 dollars",340212,343192,321596,357427,397128,434277,360427,334083,309592,316061,290649,298475,322500,333599,349612,366304,393577,467788,425235,424095,438983,447083,411430,427679
 "01027","Clay, AL",5,CAGDP1,2,"...","Chain-type quantity indexes for real GDP ","Quantity index",86.441,87.198,81.711,90.815,100.902,110.341,91.577,84.884,78.661,80.305,73.848,75.836,81.941,84.761,88.829,93.070,100.000,118.855,108.043,107.754,111.537,113.595,104.536,108.664
 "01027","Clay, AL",5,CAGDP1,3,"...","Current-dollar GDP (thousands of current dollars) ","Thousands of dollars",255894,264082,251112,281548,316434,351768,304342,286892,275099,282307,263437,278603,306433,321812,342253,362615,393577,470352,444152,457629,480971,542396,541893,576731
 "01029","Cleburne, AL",5,CAGDP1,1,"...","Real GDP (thousands of chained 2017 dollars) ","Thousands of chained 2017 dollars",337536,277091,272815,285545,299969,279340,257550,273355,261249,271296,243426,269537,286662,307069,324040,313851,302289,308867,285873,281445,323054,333754,341538,372482
 "01029","Cleburne, AL",5,CAGDP1,2,"...","Chain-type quantity indexes for real GDP ","Quantity index",111.660,91.664,90.250,94.461,99.233,92.408,85.200,90.428,86.423,89.747,80.527,89.165,94.831,101.581,107.195,103.825,100.000,102.176,94.569,93.104,106.869,110.409,112.984,123.220
 "01029","Cleburne, AL",5,CAGDP1,3,"...","Current-dollar GDP (thousands of current dollars) ","Thousands of dollars",253653,211151,213881,238242,253145,246652,241446,260392,232302,250978,235657,261663,281106,306940,315549,300130,302289,317240,295389,288755,368435,424786,430412,463647
 "01031","Coffee, AL",5,CAGDP1,1,"...","Real GDP (thousands of chained 2017 dollars) ","Thousands of chained 2017 dollars",1076853,1087466,1091308,1182681,1223597,1192904,1240681,1268952,1300312,1329843,1249698,1274047,1286552,1339640,1415493,1421695,1426217,1460880,1441736,1404389,1614494,1713754,1712285,1819734
 "01031","Coffee, AL",5,CAGDP1,2,"...","Chain-type quantity indexes for real GDP ","Quantity index",75.504,76.248,76.518,82.924,85.793,83.641,86.991,88.973,91.172,93.243,87.623,89.331,90.207,93.930,99.248,99.683,100.000,102.430,101.088,98.470,113.201,120.161,120.058,127.592
 "01031","Coffee, AL",5,CAGDP1,3,"...","Current-dollar GDP (thousands of current dollars) ","Thousands of dollars",792922,810015,832233,930479,969930,967144,1039489,1085270,1127680,1171305,1129008,1182137,1220474,1289575,1386171,1404522,1426217,1482319,1495700,1498736,1792132,2025665,2131255,2323016
 "01033","Colbert, AL",5,CAGDP1,1,"...","Real GDP (thousands of chained 2017 dollars) ","Thousands of chained 2017 dollars",2035977,2062586,2242380,2371814,2442691,2454199,2433777,2462655,2191543,2437971,2549543,2546505,2836076,2747801,2681163,2569947,2453731,2565631,2572699,2546257,2598283,2706227,2789446,2847285
 "01033","Colbert, AL",5,CAGDP1,2,"...","Chain-type quantity indexes for real GDP ","Quantity index",82.975,84.059,91.387,96.662,99.550,100.019,99.187,100.364,89.315,99.358,103.905,103.781,115.582,111.985,109.269,104.736,100.000,104.560,104.848,103.771,105.891,110.290,113.682,116.039
 "01033","Colbert, AL",5,CAGDP1,3,"...","Current-dollar GDP (thousands of current dollars) ","Thousands of dollars",1430902,1475139,1639800,1812623,1942220,2057885,2096729,2162031,1915988,2172607,2353158,2379494,2660889,2637856,2611436,2496790,2453731,2651287,2672678,2632134,2886897,3277121,3477892,3558557
 "01035","Conecuh, AL",5,CAGDP1,1,"...","Real GDP (thousands of chained 2017 dollars) ","Thousands of chained 2017 dollars",255925,253669,256892,280031,322236,374251,391500,391617,390900,349628,381562,433760,445505,390567,405852,462424,439777,405083,394986,372753,382968,354394,385845,397455
 "01035","Conecuh, AL",5,CAGDP1,2,"...","Chain-type quantity indexes for real GDP ","Quantity index",58.194,57.681,58.414,63.676,73.273,85.100,89.022,89.049,88.886,79.501,86.763,98.632,101.302,88.810,92.286,105.150,100.000,92.111,89.815,84.759,87.082,80.585,87.736,90.376
 "01035","Conecuh, AL",5,CAGDP1,3,"...","Current-dollar GDP (thousands of current dollars) ","Thousands of dollars",244537,246391,255557,289062,352003,418704,456190,531973,395878,397769,466793,500920,538759,469991,385344,422230,439777,434763,405167,359070,450452,505110,493099,507245
 "01037","Coosa, AL",5,CAGDP1,1,"...","Real GDP (thousands of chained 2017 dollars) ","Thousands of chained 2017 dollars",178383,177946,174095,182464,197039,209594,194251,177101,178739,176159,182613,170504,187510,174156,180811,190165,185492,194981,190407,179105,180110,190382,186612,189287
 "01037","Coosa, AL",5,CAGDP1,2,"...","Chain-type quantity indexes for real GDP ","Quantity index",96.167,95.932,93.856,98.367,106.225,112.993,104.722,95.476,96.359,94.968,98.448,91.919,101.088,93.888,97.476,102.519,100.000,105.115,102.650,96.557,97.098,102.636,100.603,102.046
 "01037","Coosa, AL",5,CAGDP1,3,"...","Current-dollar GDP (thousands of current dollars) ","Thousands of dollars",140168,142198,140492,149174,163969,177361,168503,154213,161192,157054,163520,155421,174004,165735,176243,187412,185492,198253,199764,192554,202514,232845,242519,252383
 "01039","Covington, AL",5,CAGDP1,1,"...","Real GDP (thousands of chained 2017 dollars) ","Thousands of chained 2017 dollars",1062575,1126529,1079592,1178913,1158243,1154942,1139731,1123455,1118013,1191041,1125515,1191228,1241418,1233749,1235991,1237588,1269561,1274429,1217301,1216840,1268712,1240148,1241952,1283169
 "01039","Covington, AL",5,CAGDP1,2,"...","Chain-type quantity indexes for real GDP ","Quantity index",83.696,88.734,85.037,92.860,91.232,90.972,89.774,88.492,88.063,93.815,88.654,93.830,97.783,97.179,97.356,97.482,100.000,100.383,95.884,95.847,99.933,97.683,97.825,101.072
 "01039","Covington, AL",5,CAGDP1,3,"...","Current-dollar GDP (thousands of current dollars) ","Thousands of dollars",783773,836345,816971,921591,920899,947007,968943,970263,992059,1064520,1026819,1099762,1169496,1190625,1208373,1213970,1269561,1302093,1272720,1296662,1443684,1536327,1587686,1662386
 "01041","Crenshaw, AL",5,CAGDP1,1,"...","Real GDP (thousands of chained 2017 dollars) ","Thousands of chained 2017 dollars",278685,268249,288893,320655,382066,394720,348797,350986,339854,395673,385087,431940,462657,432654,447831,415852,441726,476010,464556,374686,421326,459492,465027,500149
 "01041","Crenshaw, AL",5,CAGDP1,2,"...","Chain-type quantity indexes for real GDP ","Quantity index",63.090,60.728,65.401,72.591,86.494,89.359,78.962,79.458,76.938,89.574,87.178,97.785,104.739,97.946,101.382,94.142,100.000,107.761,105.168,84.823,95.382,104.022,105.275,113.226
 "01041","Crenshaw, AL",5,CAGDP1,3,"...","Current-dollar GDP (thousands of current dollars) ","Thousands of dollars",216518,207425,233811,276822,317702,325272,309950,314610,302254,357933,355474,411750,452201,427420,444037,408130,441726,476741,471897,386146,445817,534683,559366,606446
 "01043","Cullman, AL",5,CAGDP1,1,"...","Real GDP (thousands of chained 2017 dollars) ","Thousands of chained 2017 dollars",2165384,2143328,2245619,2451500,2570895,2517707,2389699,2352980,2328355,2401638,2413325,2470440,2667573,2669770,2833666,2792916,2827288,2845911,2917120,2807681,3045437,3158691,3145736,3288755
 "01043","Cullman, AL",5,CAGDP1,2,"...","Chain-type quantity indexes for real GDP ","Quantity index",76.589,75.809,79.427,86.709,90.931,89.050,84.523,83.224,82.353,84.945,85.358,87.378,94.351,94.429,100.226,98.784,100.000,100.659,103.177,99.307,107.716,111.722,111.263,116.322
 "01043","Cullman, AL",5,CAGDP1,3,"...","Current-dollar GDP (thousands of current dollars) ","Thousands of dollars",1636994,1635630,1749529,1975139,2082232,2081467,2043494,2048602,2077229,2152753,2192502,2298088,2530687,2569023,2772367,2753733,2827288,2896605,3033292,2988541,3405079,3905129,4047031,4284754
 "01045","Dale, AL",5,CAGDP1,1,"...","Real GDP (thousands of chained 2017 dollars) ","Thousands of chained 2017 dollars",2148161,2211743,2281350,2441189,2703831,2813224,2837398,2962685,3022223,3168619,3040958,2997671,3033182,2856651,2903702,2841815,2834970,2790050,2824574,2781362,2915655,2918859,3044364,3114449
 "01045","Dale, AL",5,CAGDP1,2,"...","Chain-type quantity indexes for real GDP ","Quantity index",75.774,78.016,80.472,86.110,95.374,99.233,100.086,104.505,106.605,111.769,107.266,105.739,106.992,100.765,102.424,100.241,100.000,98.416,99.633,98.109,102.846,102.959,107.386,109.858
 "01045","Dale, AL",5,CAGDP1,3,"...","Current-dollar GDP (thousands of current dollars) ","Thousands of dollars",1483285,1574820,1684966,1854385,2115109,2279562,2369543,2525611,2646746,2812898,2751422,2755855,2837312,2731175,2832710,2799228,2834970,2847797,2943892,2954404,3202985,3406258,3700222,3915372
 "01047","Dallas, AL",5,CAGDP1,1,"...","Real GDP (thousands of chained 2017 dollars) ","Thousands of chained 2017 dollars",1366766,1321050,1312469,1400056,1465658,1492076,1422596,1353229,1301778,1293420,1291355,1315348,1327933,1317562,1199915,1231542,1246698,1252898,1262524,1253286,1264050,1259304,1284181,1318245
 "01047","Dallas, AL",5,CAGDP1,2,"...","Chain-type quantity indexes for real GDP ","Quantity index",109.631,105.964,105.276,112.301,117.563,119.682,114.109,108.545,104.418,103.748,103.582,105.507,106.516,105.684,96.247,98.784,100.000,100.497,101.269,100.528,101.392,101.011,103.007,105.739
 "01047","Dallas, AL",5,CAGDP1,3,"...","Current-dollar GDP (thousands of current dollars) ","Thousands of dollars",988774,969155,975178,1067093,1139275,1194942,1178791,1142084,1134143,1140549,1160596,1202817,1244048,1253912,1167071,1207339,1246698,1274867,1304322,1312480,1398610,1534265,1649439,1724275
 "01049","DeKalb, AL",5,CAGDP1,1,"...","Real GDP (thousands of chained 2017 dollars) ","Thousands of chained 2017 dollars",1746255,1752914,1795262,1951245,1915776,1968955,1920331,1876272,1766602,1817255,1649146,1671490,1894066,1887175,1954786,1882257,1977689,2065444,2008106,1889162,2140849,2302198,2245520,2384155
 "01049","DeKalb, AL",5,CAGDP1,2,"...","Chain-type quantity indexes for real GDP ","Quantity index",88.298,88.634,90.776,98.663,96.869,99.558,97.100,94.872,89.327,91.888,83.388,84.517,95.772,95.423,98.842,95.175,100.000,104.437,101.538,95.524,108.250,116.408,113.543,120.553
 "01049","DeKalb, AL",5,CAGDP1,3,"...","Current-dollar GDP (thousands of current dollars) ","Thousands of dollars",1392282,1409358,1455298,1613457,1585367,1652239,1652788,1637324,1585117,1639644,1516223,1576997,1823980,1839816,1926540,1860899,1977689,2087188,2075245,2001390,2334449,2751954,2824136,3060598
 "01051","Elmore, AL",5,CAGDP1,1,"...","Real GDP (thousands of chained 2017 dollars) ","Thousands of chained 2017 dollars",1199207,1289221,1396324,1547142,1628123,1632406,1702708,1734403,1775155,1847058,1786582,1861561,1881107,1851864,1872305,1930154,1950579,1990146,2023008,1973072,2065257,2089684,2261193,2430776
 "01051","Elmore, AL",5,CAGDP1,2,"...","Chain-type quantity indexes for real GDP ","Quantity index",61.480,66.094,71.585,79.317,83.469,83.688,87.292,88.917,91.007,94.693,91.592,95.436,96.438,94.939,95.987,98.953,100.000,102.028,103.713,101.153,105.879,107.131,115.924,124.618
 "01051","Elmore, AL",5,CAGDP1,3,"...","Current-dollar GDP (thousands of current dollars) ","Thousands of dollars",902472,987142,1081336,1219553,1313358,1357909,1450015,1493651,1570276,1635948,1600847,1696013,1741621,1752823,1813187,1897290,1950579,2033909,2113756,2112879,2320633,2503642,2836966,3118265
 "01053","Escambia, AL",5,CAGDP1,1,"...","Real GDP (thousands of chained 2017 dollars) ","Thousands of chained 2017 dollars",1186239,1190120,1165339,1254569,1330644,1356735,1406062,1298670,1268412,1234150,1201425,1238727,1262225,1221216,1234272,1273431,1269744,1250185,1252617,1201892,1207347,1226004,1280044,1299130
 "01053","Escambia, AL",5,CAGDP1,2,"...","Chain-type quantity indexes for real GDP ","Quantity index",93.423,93.729,91.777,98.805,104.796,106.851,110.736,102.278,99.895,97.197,94.619,97.557,99.408,96.178,97.206,100.290,100.000,98.460,98.651,94.656,95.086,96.555,100.811,102.314
 "01053","Escambia, AL",5,CAGDP1,3,"...","Current-dollar GDP (thousands of current dollars) ","Thousands of dollars",867030,861611,896361,1014826,1147821,1203449,1287764,1300672,1120017,1157654,1170270,1196512,1249727,1230996,1186996,1222165,1269744,1300103,1302248,1252775,1378654,1544038,1637676,1686284
 "01055","Etowah, AL",5,CAGDP1,1,"...","Real GDP (thousands of chained 2017 dollars) ","Thousands of chained 2017 dollars",2852953,2900318,2956540,3124155,3150817,3044837,3029170,3012740,2983136,3011510,3024369,2942621,3009365,3006436,3106556,3118102,3095515,3131025,3065345,2829779,2923006,2977378,3019090,3120496
 "01055","Etowah, AL",5,CAGDP1,2,"...","Chain-type quantity indexes for real GDP ","Quantity index",92.164,93.694,95.510,100.925,101.787,98.363,97.857,97.326,96.370,97.286,97.702,95.061,97.217,97.122,100.357,100.730,100.000,101.147,99.025,91.415,94.427,96.184,97.531,100.807
 "01055","Etowah, AL",5,CAGDP1,3,"...","Current-dollar GDP (thousands of current dollars) ","Thousands of dollars",2079619,2161037,2235795,2413954,2494719,2490801,2534705,2571766,2624854,2658996,2707750,2700712,2808208,2852936,3024979,3086734,3095515,3191348,3200970,3033675,3266407,3555161,3802207,4025620
 "01057","Fayette, AL",5,CAGDP1,1,"...","Real GDP (thousands of chained 2017 dollars) ","Thousands of chained 2017 dollars",411172,389403,398461,421216,432125,426009,408281,501106,485161,542463,492389,488067,425242,356861,363444,360126,344642,340351,345802,336857,347135,345675,363597,368269
 "01057","Fayette, AL",5,CAGDP1,2,"...","Chain-type quantity indexes for real GDP ","Quantity index",119.304,112.987,115.616,122.218,125.384,123.609,118.465,145.399,140.772,157.399,142.870,141.616,123.386,103.545,105.455,104.493,100.000,98.755,100.336,97.741,100.723,100.300,105.500,106.855
 "01057","Fayette, AL",5,CAGDP1,3,"...","Current-dollar GDP (thousands of current dollars) ","Thousands of dollars",297912,284511,296649,320869,335842,337017,329110,418549,412799,479921,451932,453173,395795,338501,351181,353679,344642,348902,360486,362995,400519,429169,464795,480172
 "01059","Franklin, AL",5,CAGDP1,1,"...","Real GDP (thousands of chained 2017 dollars) ","Thousands of chained 2017 dollars",812419,790041,815848,895465,924286,874256,890480,863868,832496,868215,926064,932606,976777,902564,907227,909163,968151,1028698,985714,911517,985851,1053467,990508,1043953
 "01059","Franklin, AL",5,CAGDP1,2,"...","Chain-type quantity indexes for real GDP ","Quantity index",83.914,81.603,84.269,92.492,95.469,90.302,91.977,89.229,85.988,89.678,95.653,96.329,100.891,93.225,93.707,93.907,100.000,106.254,101.814,94.150,101.828,108.812,102.309,107.830
 "01059","Franklin, AL",5,CAGDP1,3,"...","Current-dollar GDP (thousands of current dollars) ","Thousands of dollars",602887,594306,629077,713581,743061,711919,742429,733689,726727,767098,839667,877090,924112,868068,891924,898322,968151,1046721,1021507,967155,1078233,1243345,1243753,1336719
 "01061","Geneva, AL",5,CAGDP1,1,"...","Real GDP (thousands of chained 2017 dollars) ","Thousands of chained 2017 dollars",510356,513412,517576,516134,545572,537729,545212,552038,535407,544743,490891,501814,527864,528585,555010,569315,523521,535790,564148,562365,583223,584681,601103,614453
 "01061","Geneva, AL",5,CAGDP1,2,"...","Chain-type quantity indexes for real GDP ","Quantity index",97.485,98.069,98.864,98.589,104.212,102.714,104.143,105.447,102.270,104.054,93.767,95.854,100.830,100.967,106.015,108.747,100.000,102.344,107.760,107.420,111.404,111.682,114.819,117.369
 "01061","Geneva, AL",5,CAGDP1,3,"...","Current-dollar GDP (thousands of current dollars) ","Thousands of dollars",363500,367067,383962,402018,424519,428528,461308,475599,459412,478444,450468,472131,512581,517946,543399,554542,523521,544542,587720,597669,668281,748275,793595,827451
 "01063","Greene, AL",5,CAGDP1,1,"...","Real GDP (thousands of chained 2017 dollars) ","Thousands of chained 2017 dollars",307234,341850,354010,385603,400924,393123,382242,333263,315342,310836,343016,291544,296194,280224,251210,241279,218678,216735,230241,213279,198108,202091,212127,215850
 "01063","Greene, AL",5,CAGDP1,2,"...","Chain-type quantity indexes for real GDP ","Quantity index",140.497,156.326,161.887,176.334,183.340,179.773,174.797,152.399,144.204,142.143,156.859,133.322,135.448,128.145,114.877,110.335,100.000,99.112,105.288,97.531,90.594,92.415,97.004,98.707
 "01063","Greene, AL",5,CAGDP1,3,"...","Current-dollar GDP (thousands of current dollars) ","Thousands of dollars",204095,223157,243326,276944,300854,310296,315895,275614,265944,268492,323293,280035,287969,277627,248908,233719,218678,223263,240097,223039,225357,253793,277139,283285
 "01065","Hale, AL",5,CAGDP1,1,"...","Real GDP (thousands of chained 2017 dollars) ","Thousands of chained 2017 dollars",291224,307675,345920,361951,377979,399737,342265,332239,322382,332972,318543,313870,307937,297729,306196,317623,293104,267685,267195,276810,255390,246513,269369,283640
 "01065","Hale, AL",5,CAGDP1,2,"...","Chain-type quantity indexes for real GDP ","Quantity index",99.359,104.971,118.020,123.489,128.957,136.381,116.773,113.352,109.989,113.602,108.679,107.085,105.060,101.578,104.467,108.365,100.000,91.328,91.160,94.441,87.133,84.104,91.902,96.771
 "01065","Hale, AL",5,CAGDP1,3,"...","Current-dollar GDP (thousands of current dollars) ","Thousands of dollars",201738,216964,252482,278701,288437,307064,280334,276586,262914,280366,282473,286739,295506,291311,296894,307489,293104,274366,279000,297872,307900,326128,361379,385503
 "01067","Henry, AL",5,CAGDP1,1,"...","Real GDP (thousands of chained 2017 dollars) ","Thousands of chained 2017 dollars",355122,382618,365288,372434,401753,398821,375152,375846,354610,344387,357276,349612,378289,373258,400112,415446,422115,432263,444087,449653,466294,468017,488768,516959
 "01067","Henry, AL",5,CAGDP1,2,"...","Chain-type quantity indexes for real GDP ","Quantity index",84.129,90.643,86.538,88.231,95.176,94.482,88.874,89.039,84.008,81.586,84.640,82.824,89.618,88.426,94.787,98.420,100.000,102.404,105.205,106.524,110.466,110.874,115.790,122.469
 "01067","Henry, AL",5,CAGDP1,3,"...","Current-dollar GDP (thousands of current dollars) ","Thousands of dollars",258363,281464,275912,293131,319936,324833,312851,318345,304848,300140,317366,319085,358098,361261,388411,403721,422115,440075,459124,476450,547701,610158,638373,681050
 "01069","Houston, AL",5,CAGDP1,1,"...","Real GDP (thousands of chained 2017 dollars) ","Thousands of chained 2017 dollars",4134294,4333083,4427642,4604760,4661990,4764655,4786349,4626456,4481922,4489380,4515742,4600090,4804937,4906153,4997844,5265004,5410140,5441082,5548000,5667150,5856782,5860348,6000085,6085531
 "01069","Houston, AL",5,CAGDP1,2,"...","Chain-type quantity indexes for real GDP ","Quantity index",76.418,80.092,81.840,85.114,86.171,88.069,88.470,85.515,82.843,82.981,83.468,85.027,88.814,90.684,92.379,97.317,100.000,100.572,102.548,104.751,108.256,108.322,110.904,112.484
 "01069","Houston, AL",5,CAGDP1,3,"...","Current-dollar GDP (thousands of current dollars) ","Thousands of dollars",3025914,3209421,3341028,3552893,3691594,3896129,4010268,3935976,3974010,3980787,4046034,4193426,4471418,4688563,4870639,5179739,5410140,5573832,5843331,6101311,6726003,7300976,7781483,8043315
 "01071","Jackson, AL",5,CAGDP1,1,"...","Real GDP (thousands of chained 2017 dollars) ","Thousands of chained 2017 dollars",1643648,1690660,1697944,1883689,1955074,1934542,1911850,1832170,1618744,1678141,1624035,1657813,1695275,1675663,1561447,1518195,1508968,1592423,1549783,1459956,1535345,1563105,1603527,1637868
 "01071","Jackson, AL",5,CAGDP1,2,"...","Chain-type quantity indexes for real GDP ","Quantity index",108.925,112.041,112.523,124.833,129.564,128.203,126.699,121.419,107.275,111.211,107.626,109.864,112.347,111.047,103.478,100.611,100.000,105.531,102.705,96.752,101.748,103.588,106.266,108.542
 "01071","Jackson, AL",5,CAGDP1,3,"...","Current-dollar GDP (thousands of current dollars) ","Thousands of dollars",1221055,1263873,1285621,1454975,1538058,1579633,1604472,1559683,1429977,1495649,1479487,1528337,1594105,1606493,1522414,1494316,1508968,1622445,1613239,1549689,1713575,1922485,2067833,2144025
 "01073","Jefferson, AL",5,CAGDP1,1,"...","Real GDP (thousands of chained 2017 dollars) ","Thousands of chained 2017 dollars",40672335,41835208,42267815,44237539,44855975,44081412,43978012,44141855,42098379,42377732,43142639,43935855,43372703,43085514,43414741,43995364,44607663,45407561,45984320,45616877,48003849,49224090,50456653,51158763
 "01073","Jefferson, AL",5,CAGDP1,2,"...","Chain-type quantity indexes for real GDP ","Quantity index",91.178,93.785,94.755,99.170,100.557,98.820,98.588,98.956,94.375,95.001,96.716,98.494,97.232,96.588,97.326,98.627,100.000,101.793,103.086,102.262,107.613,110.349,113.112,114.686
 "01073","Jefferson, AL",5,CAGDP1,3,"...","Current-dollar GDP (thousands of current dollars) ","Thousands of dollars",29015477,30388048,31342004,33962422,35804318,36708983,37678276,38468590,36579128,37469585,39135071,40519093,40425469,41019726,41985290,43064960,44607663,46679111,48225067,48580664,53529214,58681634,62860621,65539202
 "01075","Lamar, AL",5,CAGDP1,1,"...","Real GDP (thousands of chained 2017 dollars) ","Thousands of chained 2017 dollars",405570,382767,354819,379569,394601,385224,374890,341689,314816,318523,333974,352003,344309,342240,336740,337992,343759,342479,338918,327282,338406,326295,334044,338807
 "01075","Lamar, AL",5,CAGDP1,2,"...","Chain-type quantity indexes for real GDP ","Quantity index",117.981,111.347,103.217,110.417,114.790,112.062,109.056,99.398,91.580,92.659,97.154,102.398,100.160,99.558,97.958,98.322,100.000,99.628,98.592,95.207,98.443,94.920,97.174,98.559
 "01075","Lamar, AL",5,CAGDP1,3,"...","Current-dollar GDP (thousands of current dollars) ","Thousands of dollars",283238,268973,261140,288787,314055,311685,311397,295896,265109,272870,289249,312560,315976,322962,324022,332697,343759,352369,358387,358878,396462,422409,454386,473505
 "01077","Lauderdale, AL",5,CAGDP1,1,"...","Real GDP (thousands of chained 2017 dollars) ","Thousands of chained 2017 dollars",2456762,2414764,2453782,2588964,2659708,2674309,2674025,2650858,2631967,2653846,2658022,2715303,2766711,2674743,2648612,2615029,2651431,2649394,2647083,2632191,2751449,2822630,2885377,2988972
 "01077","Lauderdale, AL",5,CAGDP1,2,"...","Chain-type quantity indexes for real GDP ","Quantity index",92.658,91.074,92.546,97.644,100.312,100.863,100.852,99.978,99.266,100.091,100.249,102.409,104.348,100.879,99.894,98.627,100.000,99.923,99.836,99.274,103.772,106.457,108.823,112.731
 "01077","Lauderdale, AL",5,CAGDP1,3,"...","Current-dollar GDP (thousands of current dollars) ","Thousands of dollars",1739331,1744105,1808260,1961654,2070804,2153754,2228604,2250332,2293876,2323847,2348561,2459612,2551166,2521541,2556873,2569843,2651431,2716027,2778691,2838612,3134327,3454649,3702040,3928523
 "01079","Lawrence, AL",5,CAGDP1,1,"...","Real GDP (thousands of chained 2017 dollars) ","Thousands of chained 2017 dollars",739238,744353,903949,1173393,803156,725154,882620,903470,1009389,995887,915599,874189,784523,680896,567657,510914,534109,557668,558334,564325,599733,642547,689199,645253
 "01079","Lawrence, AL",5,CAGDP1,2,"...","Chain-type quantity indexes for real GDP ","Quantity index",138.406,139.363,169.244,219.691,150.373,135.769,165.251,169.154,188.985,186.457,171.425,163.672,146.884,127.483,106.281,95.657,100.000,104.411,104.536,105.657,112.287,120.302,129.037,120.809
 "01079","Lawrence, AL",5,CAGDP1,3,"...","Current-dollar GDP (thousands of current dollars) ","Thousands of dollars",551511,559057,680098,890299,615821,579298,728083,763274,885983,889079,827251,795330,735626,648740,549357,500245,534109,572523,588446,610770,689298,804557,899892,864542
 "01081","Lee, AL",5,CAGDP1,1,"...","Real GDP (thousands of chained 2017 dollars) ","Thousands of chained 2017 dollars",3256353,3430182,3660500,4089762,4289459,4420730,4568392,4677780,4587437,4748620,5070856,5332385,5401609,5477228,5711665,5896125,6138724,6112260,6348943,6201521,6584988,6624257,6999992,7169778
 "01081","Lee, AL",5,CAGDP1,2,"...","Chain-type quantity indexes for real GDP ","Quantity index",53.046,55.878,59.630,66.622,69.875,72.014,74.419,76.201,74.729,77.355,82.604,86.865,87.992,89.224,93.043,96.048,100.000,99.569,103.424,101.023,107.270,107.909,114.030,116.796
 "01081","Lee, AL",5,CAGDP1,3,"...","Current-dollar GDP (thousands of current dollars) ","Thousands of dollars",2310987,2486428,2697720,3085179,3337503,3566440,3785544,3939502,3993168,4144170,4479081,4814202,4971512,5162758,5549989,5803297,6138724,6252206,6643673,6659777,7387019,7974108,8857195,9274891
 "01083","Limestone, AL",5,CAGDP1,1,"...","Real GDP (thousands of chained 2017 dollars) ","Thousands of chained 2017 dollars",2406644,2567168,2777043,2910525,3008346,3162947,3110759,3138821,2914945,3158798,3248942,3401507,3481997,3492237,3558450,3673233,3782933,3748925,4114284,4170490,4681941,4895170,5258114,5497797
 "01083","Limestone, AL",5,CAGDP1,2,"...","Chain-type quantity indexes for real GDP ","Quantity index",63.618,67.862,73.410,76.938,79.524,83.611,82.231,82.973,77.055,83.501,85.884,89.917,92.045,92.316,94.066,97.100,100.000,99.101,108.759,110.245,123.765,129.401,138.996,145.332
 "01083","Limestone, AL",5,CAGDP1,3,"...","Current-dollar GDP (thousands of current dollars) ","Thousands of dollars",1882964,2013441,2214573,2352281,2460648,2638520,2658025,2701953,2641803,2839011,2942704,3103407,3245727,3365296,3485422,3599408,3782933,3842835,4313345,4423311,5332510,6031303,6637938,6970887
 "01085","Lowndes, AL",5,CAGDP1,1,"...","Real GDP (thousands of chained 2017 dollars) ","Thousands of chained 2017 dollars",393213,337311,402086,449376,431268,471276,487874,435460,447536,516225,525651,477633,472964,468642,427614,440438,437070,428001,390408,382368,392079,401737,412548,440550
 "01085","Lowndes, AL",5,CAGDP1,2,"...","Chain-type quantity indexes for real GDP ","Quantity index",89.966,77.175,91.996,102.815,98.672,107.826,111.624,99.632,102.394,118.110,120.267,109.280,108.212,107.223,97.836,100.771,100.000,97.925,89.324,87.484,89.706,91.916,94.389,100.796
 "01085","Lowndes, AL",5,CAGDP1,3,"...","Current-dollar GDP (thousands of current dollars) ","Thousands of dollars",274911,238766,292547,337319,327625,365110,393183,362121,376548,441985,483946,456013,458034,458964,420131,428609,437070,433688,399499,394651,434912,484294,506390,537792
 "01087","Macon, AL",5,CAGDP1,1,"...","Real GDP (thousands of chained 2017 dollars) ","Thousands of chained 2017 dollars",494988,471368,477723,515588,522748,529690,530066,542946,538681,517254,531645,519324,555310,524659,490979,529044,550614,543413,544347,525374,541057,553588,584157,607800
 "01087","Macon, AL",5,CAGDP1,2,"...","Chain-type quantity indexes for real GDP ","Quantity index",89.897,85.608,86.762,93.639,94.939,96.200,96.268,98.607,97.833,93.941,96.555,94.317,100.853,95.286,89.169,96.082,100.000,98.692,98.862,95.416,98.264,100.540,106.092,110.386
 "01087","Macon, AL",5,CAGDP1,3,"...","Current-dollar GDP (thousands of current dollars) ","Thousands of dollars",323277,318915,334502,374636,392753,412860,431249,452759,461867,448672,466120,465500,508228,491978,476597,521803,550614,554043,566902,563094,591828,633794,711097,764900
 "01089","Madison, AL",5,CAGDP1,1,"...","Real GDP (thousands of chained 2017 dollars) ","Thousands of chained 2017 dollars",13907861,14406694,15269854,16535213,17514075,18115258,18895104,19622113,20014428,21073373,21365996,21346157,21700524,21764757,22142692,22837212,23737673,24854241,26124018,26614826,27914293,29457107,31184027,32236676
 "01089","Madison, AL",5,CAGDP1,2,"...","Chain-type quantity indexes for real GDP ","Quantity index",58.590,60.691,64.328,69.658,73.782,76.314,79.600,82.662,84.315,88.776,90.009,89.925,91.418,91.689,93.281,96.207,100.000,104.704,110.053,112.121,117.595,124.094,131.369,135.804
 "01089","Madison, AL",5,CAGDP1,3,"...","Current-dollar GDP (thousands of current dollars) ","Thousands of dollars",11305535,11850447,12655861,13867751,14922635,15727136,16677605,17464983,18172362,19171497,19624995,19903859,20483332,20861681,21665553,22588484,23737673,25219264,26926239,27902551,29873243,33020419,36663437,38958201
 "01091","Marengo, AL",5,CAGDP1,1,"...","Real GDP (thousands of chained 2017 dollars) ","Thousands of chained 2017 dollars",680380,684419,678805,729470,780048,794360,765113,716921,741036,733474,701566,722987,733316,756751,726824,735668,722874,757135,776303,796776,814537,784367,805566,846917
 "01091","Marengo, AL",5,CAGDP1,2,"...","Chain-type quantity indexes for real GDP ","Quantity index",94.122,94.680,93.904,100.913,107.909,109.889,105.843,99.177,102.512,101.466,97.052,100.016,101.445,104.687,100.546,101.770,100.000,104.740,107.391,110.223,112.680,108.507,111.439,117.160
 "01091","Marengo, AL",5,CAGDP1,3,"...","Current-dollar GDP (thousands of current dollars) ","Thousands of dollars",485958,493752,497838,550861,597132,626050,622667,594283,633611,638215,620543,651883,683654,717478,702598,719712,722874,773500,804285,837217,914334,968696,1040402,1107992
 "01093","Marion, AL",5,CAGDP1,1,"...","Real GDP (thousands of chained 2017 dollars) ","Thousands of chained 2017 dollars",807722,817017,805302,905088,982040,992105,948638,866906,847594,843264,818495,872865,870801,864211,888918,868745,870465,891135,875356,875619,934449,960898,971127,976529
 "01093","Marion, AL",5,CAGDP1,2,"...","Chain-type quantity indexes for real GDP ","Quantity index",92.792,93.860,92.514,103.978,112.818,113.974,108.981,99.591,97.373,96.875,94.030,100.276,100.039,99.282,102.120,99.802,100.000,102.375,100.562,100.592,107.351,110.389,111.564,112.185
 "01093","Marion, AL",5,CAGDP1,3,"...","Current-dollar GDP (thousands of current dollars) ","Thousands of dollars",604800,619594,622931,724350,797266,817354,790277,730301,734681,739331,725487,793583,815826,824399,859624,850620,870465,913213,914510,942907,1103082,1266085,1303337,1328464
 "01095","Marshall, AL",5,CAGDP1,1,"...","Real GDP (thousands of chained 2017 dollars) ","Thousands of chained 2017 dollars",2662762,2666239,2751674,2978012,3036821,3001174,3065603,2938736,2820416,2868659,2918278,3015715,3217236,3131880,3319739,3309774,3469332,3557129,3599588,3527647,3765490,3932961,3952249,4082729
 "01095","Marshall, AL",5,CAGDP1,2,"...","Chain-type quantity indexes for real GDP ","Quantity index",76.751,76.852,79.314,85.838,87.533,86.506,88.363,84.706,81.296,82.686,84.116,86.925,92.734,90.273,95.688,95.401,100.000,102.531,103.754,101.681,108.536,113.364,113.920,117.681
 "01095","Marshall, AL",5,CAGDP1,3,"...","Current-dollar GDP (thousands of current dollars) ","Thousands of dollars",1990736,2024321,2112008,2342917,2433689,2466805,2567434,2519041,2501553,2556637,2638704,2806793,3033614,3003533,3258414,3286348,3469332,3616017,3745928,3778212,4199216,4696004,5008343,5278383
 "01097","Mobile, AL",5,CAGDP1,1,"...","Real GDP (thousands of chained 2017 dollars) ","Thousands of chained 2017 dollars",15482776,15632957,15904024,16385211,17112202,18246980,18294614,18527861,18420587,18578659,19029979,19005224,19243032,19211576,19295626,19669523,19734787,20064093,20526354,20805653,21999897,22260072,23356983,24306390
 "01097","Mobile, AL",5,CAGDP1,2,"...","Chain-type quantity indexes for real GDP ","Quantity index",78.454,79.215,80.589,83.027,86.711,92.461,92.702,93.884,93.341,94.142,96.429,96.303,97.508,97.349,97.775,99.669,100.000,101.669,104.011,105.426,111.478,112.796,118.354,123.165
 "01097","Mobile, AL",5,CAGDP1,3,"...","Current-dollar GDP (thousands of current dollars) ","Thousands of dollars",11285931,11574014,12085314,12811628,13882919,15334044,15764469,16366688,16353734,16716623,17513026,17729526,18122359,18519469,18710279,19127805,19734787,20752659,21383376,21529733,24598640,26827471,28705827,30122670
 "01099","Monroe, AL",5,CAGDP1,1,"...","Real GDP (thousands of chained 2017 dollars) ","Thousands of chained 2017 dollars",866273,838649,845962,942262,986992,1029316,948504,886552,837441,811218,738553,704223,717701,693859,709392,711535,724511,696059,668398,646135,646697,617662,618925,630618
 "01099","Monroe, AL",5,CAGDP1,2,"...","Chain-type quantity indexes for real GDP ","Quantity index",119.567,115.754,116.763,130.055,136.229,142.070,130.916,122.366,115.587,111.968,101.938,97.200,99.060,95.769,97.913,98.209,100.000,96.073,92.255,89.182,89.260,85.252,85.427,87.041
 "01099","Monroe, AL",5,CAGDP1,3,"...","Current-dollar GDP (thousands of current dollars) ","Thousands of dollars",640575,620835,640228,734724,795088,850069,794751,772786,726568,720660,664487,642374,678133,668075,683663,691518,724511,719197,696797,682280,751484,800984,822620,848061
 "01101","Montgomery, AL",5,CAGDP1,1,"...","Real GDP (thousands of chained 2017 dollars) ","Thousands of chained 2017 dollars",12032072,12247274,12560800,13012168,13569449,13850995,13842318,13702291,13085308,13322352,13352807,13363796,13411377,13293034,13579621,13968351,14011331,13975524,14144889,13806220,14287535,14712897,15275538,15685249
 "01101","Montgomery, AL",5,CAGDP1,2,"...","Chain-type quantity indexes for real GDP ","Quantity index",85.874,87.410,89.647,92.869,96.846,98.856,98.794,97.794,93.391,95.083,95.300,95.378,95.718,94.873,96.919,99.693,100.000,99.744,100.953,98.536,101.971,105.007,109.023,111.947
 "01101","Montgomery, AL",5,CAGDP1,3,"...","Current-dollar GDP (thousands of current dollars) ","Thousands of dollars",8645465,9016026,9452045,10068612,10791676,11335521,11646714,11699794,11450470,11753152,11918122,12183933,12446787,12593544,13204812,13786112,14011331,14269732,14738873,14705662,15684044,17101390,18754598,19858873
 "01103","Morgan, AL",5,CAGDP1,1,"...","Real GDP (thousands of chained 2017 dollars) ","Thousands of chained 2017 dollars",4528553,4461895,4732500,5183786,5165151,5311264,5368859,5169751,4957365,5066568,4894948,4964273,5104478,5271186,5300879,5459523,5556105,5659429,5640719,5793168,5960050,6204789,6353374,6619015
 "01103","Morgan, AL",5,CAGDP1,2,"...","Chain-type quantity indexes for real GDP ","Quantity index",81.506,80.306,85.177,93.299,92.964,95.593,96.630,93.046,89.224,91.189,88.100,89.348,91.872,94.872,95.406,98.262,100.000,101.860,101.523,104.267,107.270,111.675,114.349,119.130
 "01103","Morgan, AL",5,CAGDP1,3,"...","Current-dollar GDP (thousands of current dollars) ","Thousands of dollars",3230321,3237393,3476113,3933452,4050029,4346099,4496523,4453093,4337078,4456215,4398781,4555171,4750196,5028891,5141599,5347614,5556105,5818952,5882881,6072673,6712575,7574206,7999033,8388858
 "01105","Perry, AL",5,CAGDP1,1,"...","Real GDP (thousands of chained 2017 dollars) ","Thousands of chained 2017 dollars",194044,188639,205292,203640,224794,226004,211667,223764,216854,235414,217564,222086,233544,207127,202963,209318,209961,205783,202930,202347,188335,183980,196768,199443
 "01105","Perry, AL",5,CAGDP1,2,"...","Chain-type quantity indexes for real GDP ","Quantity index",92.419,89.844,97.776,96.989,107.064,107.641,100.812,106.574,103.283,112.122,103.621,105.774,111.232,98.650,96.667,99.694,100.000,98.010,96.651,96.373,89.700,87.626,93.716,94.991
 "01105","Perry, AL",5,CAGDP1,3,"...","Current-dollar GDP (thousands of current dollars) ","Thousands of dollars",139296,138326,155013,162320,180855,187399,188241,203562,190374,213699,204828,211095,225444,202669,198012,204530,209961,207988,209787,214406,215713,225568,251860,259965
 "01107","Pickens, AL",5,CAGDP1,1,"...","Real GDP (thousands of chained 2017 dollars) ","Thousands of chained 2017 dollars",365484,356602,359601,382469,410913,365485,371026,340328,375292,369265,323337,374168,433449,439392,441038,435085,452493,439534,444454,436991,434397,397859,416692,431033
 "01107","Pickens, AL",5,CAGDP1,2,"...","Chain-type quantity indexes for real GDP ","Quantity index",80.771,78.808,79.471,84.525,90.811,80.771,81.996,75.212,82.939,81.607,71.457,82.690,95.791,97.105,97.468,96.153,100.000,97.136,98.223,96.574,96.001,87.926,92.088,95.257
 "01107","Pickens, AL",5,CAGDP1,3,"...","Current-dollar GDP (thousands of current dollars) ","Thousands of dollars",277283,271965,286476,324160,347296,313648,331193,311091,330758,337268,303605,358773,430980,443773,427938,419402,452493,453238,462869,466834,518379,523599,545078,568767
 "01109","Pike, AL",5,CAGDP1,1,"...","Real GDP (thousands of chained 2017 dollars) ","Thousands of chained 2017 dollars",859520,903853,953018,1041132,1089533,1113409,1146964,1193579,1197233,1277951,1204706,1223629,1224893,1297552,1330609,1377004,1392115,1397673,1409068,1391437,1556854,1560024,1589467,1663527
 "01109","Pike, AL",5,CAGDP1,2,"...","Chain-type quantity indexes for real GDP ","Quantity index",61.742,64.927,68.458,74.788,78.265,79.980,82.390,85.739,86.001,91.799,86.538,87.897,87.988,93.207,95.582,98.915,100.000,100.399,101.218,99.951,111.834,112.061,114.176,119.496
 "01109","Pike, AL",5,CAGDP1,3,"...","Current-dollar GDP (thousands of current dollars) ","Thousands of dollars",666221,708579,763235,869302,923891,973629,1032009,1092179,1066944,1162870,1123097,1152215,1167110,1255782,1299497,1351382,1392115,1434204,1463097,1456244,1743519,1900426,1966642,2066542
 "01111","Randolph, AL",5,CAGDP1,1,"...","Real GDP (thousands of chained 2017 dollars) ","Thousands of chained 2017 dollars",406538,431501,428300,482965,482981,471156,466775,442056,418029,432307,369310,400667,473631,489469,504952,486485,483214,495883,478094,460834,505124,506823,505300,525885
 "01111","Randolph, AL",5,CAGDP1,2,"...","Chain-type quantity indexes for real GDP ","Quantity index",84.132,89.298,88.636,99.948,99.952,97.505,96.598,91.482,86.510,89.465,76.428,82.917,98.017,101.295,104.499,100.677,100.000,102.622,98.940,95.368,104.534,104.886,104.571,108.831
 "01111","Randolph, AL",5,CAGDP1,3,"...","Current-dollar GDP (thousands of current dollars) ","Thousands of dollars",317265,340840,345101,401289,405130,407621,419202,402180,382049,403087,355100,390267,466530,486451,496650,475099,483214,503888,497015,491693,576007,645644,657160,690235
 "01113","Russell, AL",5,CAGDP1,1,"...","Real GDP (thousands of chained 2017 dollars) ","Thousands of chained 2017 dollars",1216114,1180103,1146377,1237636,1265300,1319450,1287835,1283454,1330989,1398204,1376534,1383506,1436547,1456138,1412034,1458433,1495039,1501878,1514000,1521413,1603130,1653309,1673582,1760468
 "01113","Russell, AL",5,CAGDP1,2,"...","Chain-type quantity indexes for real GDP ","Quantity index",81.343,78.935,76.679,82.783,84.633,88.255,86.141,85.848,89.027,93.523,92.073,92.540,96.088,97.398,94.448,97.552,100.000,100.458,101.268,101.764,107.230,110.586,111.942,117.754
 "01113","Russell, AL",5,CAGDP1,3,"...","Current-dollar GDP (thousands of current dollars) ","Thousands of dollars",878335,862958,844267,929202,972128,1052541,1053960,1067779,1148884,1217766,1211924,1241782,1321849,1365126,1362205,1431526,1495039,1535131,1573873,1613210,1789428,2006455,2149043,2312570
 "01115","St. Clair, AL",5,CAGDP1,1,"...","Real GDP (thousands of chained 2017 dollars) ","Thousands of chained 2017 dollars",1342339,1409279,1456217,1559784,1619401,1604567,1625267,1639919,1547644,1643305,1696910,1936918,1932586,1950423,2001119,2010216,2020338,2089846,2116684,1998473,2106331,2111458,2276053,2402348
 "01115","St. Clair, AL",5,CAGDP1,2,"...","Chain-type quantity indexes for real GDP ","Quantity index",66.441,69.755,72.078,77.204,80.155,79.421,80.445,81.171,76.603,81.338,83.991,95.871,95.657,96.539,99.049,99.499,100.000,103.440,104.769,98.918,104.256,104.510,112.657,118.908
 "01115","St. Clair, AL",5,CAGDP1,3,"...","Current-dollar GDP (thousands of current dollars) ","Thousands of dollars",954154,1016984,1066637,1178369,1260261,1292429,1348078,1384899,1348875,1435320,1502002,1758540,1785914,1838572,1943143,1983312,2020338,2133098,2213746,2142184,2341193,2540633,2917417,3156398
 "01117","Shelby, AL",5,CAGDP1,1,"...","Real GDP (thousands of chained 2017 dollars) ","Thousands of chained 2017 dollars",5881958,6291913,6730525,7198022,8215239,8647833,9477931,9425943,8904856,9069526,9267695,9421342,9900651,10236380,10993628,11176098,11639599,11879718,12206604,12275473,12929663,13281571,13237066,13301277
 "01117","Shelby, AL",5,CAGDP1,2,"...","Chain-type quantity indexes for real GDP ","Quantity index",50.534,54.056,57.824,61.841,70.580,74.297,81.428,80.982,76.505,77.920,79.622,80.942,85.060,87.944,94.450,96.018,100.000,102.063,104.871,105.463,111.083,114.107,113.724,114.276
 "01117","Shelby, AL",5,CAGDP1,3,"...","Current-dollar GDP (thousands of current dollars) ","Thousands of dollars",4281974,4646861,5060178,5583168,6589639,7209889,8087118,8151439,7920354,8093693,8377630,8650997,9243101,9758959,10670259,10998676,11639599,12169306,12774915,13092540,14433481,15956822,16736641,17332832
 "01119","Sumter, AL",5,CAGDP1,1,"...","Real GDP (thousands of chained 2017 dollars) ","Thousands of chained 2017 dollars",331479,328872,332869,339099,359281,350091,352263,313511,337447,351361,348579,360823,357435,359396,336502,341278,324042,317881,317171,322819,314757,310690,321041,341510
 "01119","Sumter, AL",5,CAGDP1,2,"...","Chain-type quantity indexes for real GDP ","Quantity index",102.295,101.491,102.724,104.647,110.875,108.039,108.709,96.750,104.137,108.431,107.572,111.351,110.305,110.910,103.845,105.319,100.000,98.099,97.880,99.623,97.135,95.880,99.074,105.391
 "01119","Sumter, AL",5,CAGDP1,3,"...","Current-dollar GDP (thousands of current dollars) ","Thousands of dollars",227873,229516,238606,255164,274580,274725,289002,261513,279147,300658,316299,335683,347843,351547,327860,331168,324042,324656,329378,342818,360719,389450,417697,451395
 "01121","Talladega, AL",5,CAGDP1,1,"...","Real GDP (thousands of chained 2017 dollars) ","Thousands of chained 2017 dollars",2095824,2251291,2488215,2863965,3097436,3182314,3110850,2942616,2359236,2649763,2720311,2894622,3035771,3018767,3049889,3112989,3170439,3205432,3196612,3058040,3184938,3275928,3337759,3694135
 "01121","Talladega, AL",5,CAGDP1,2,"...","Chain-type quantity indexes for real GDP ","Quantity index",66.105,71.009,78.482,90.333,97.697,100.375,98.120,92.814,74.414,83.577,85.802,91.300,95.752,95.216,96.198,98.188,100.000,101.104,100.826,96.455,100.457,103.327,105.278,116.518
 "01121","Talladega, AL",5,CAGDP1,3,"...","Current-dollar GDP (thousands of current dollars) ","Thousands of dollars",1757278,1903221,2106853,2444914,2645113,2696831,2666256,2525226,2140972,2392430,2473581,2681138,2814956,2853523,2989469,3080507,3170439,3253853,3276186,3157898,3336333,3666459,3990010,4496315
 "01123","Tallapoosa, AL",5,CAGDP1,1,"...","Real GDP (thousands of chained 2017 dollars) ","Thousands of chained 2017 dollars",1023892,956516,1033267,1165140,1275595,1120618,1119767,1079530,1003795,1143097,1213837,1266399,1233506,1270746,1331887,1401250,1318572,1356421,1423423,1335678,1415147,1438724,1460817,1514769
 "01123","Tallapoosa, AL",5,CAGDP1,2,"...","Chain-type quantity indexes for real GDP ","Quantity index",77.652,72.542,78.363,88.364,96.741,84.987,84.923,81.871,76.127,86.692,92.057,96.043,93.549,96.373,101.010,106.270,100.000,102.870,107.952,101.297,107.324,109.112,110.788,114.880
 "01123","Tallapoosa, AL",5,CAGDP1,3,"...","Current-dollar GDP (thousands of current dollars) ","Thousands of dollars",779868,741457,810481,930629,1035963,931753,954787,933104,890874,1015042,1085745,1152010,1143581,1208072,1300212,1381612,1318572,1380205,1480820,1418201,1558862,1688827,1806603,1910145
 "01125","Tuscaloosa, AL",5,CAGDP1,1,"...","Real GDP (thousands of chained 2017 dollars) ","Thousands of chained 2017 dollars",7324973,7759675,8332911,8967453,9435300,9526195,10039393,9681949,8863741,9260005,10160113,9687777,9862918,9571653,9414122,9743719,10228417,10298455,10915460,10350994,10451126,10422989,10993527,11362541
 "01125","Tuscaloosa, AL",5,CAGDP1,2,"...","Chain-type quantity indexes for real GDP ","Quantity index",71.614,75.864,81.468,87.672,92.246,93.135,98.152,94.657,86.658,90.532,99.332,94.714,96.427,93.579,92.039,95.261,100.000,100.685,106.717,101.198,102.177,101.902,107.480,111.088
 "01125","Tuscaloosa, AL",5,CAGDP1,3,"...","Current-dollar GDP (thousands of current dollars) ","Thousands of dollars",5183202,5508055,6159317,6880576,7674449,7938826,8611115,8628013,7671576,8282516,9602336,9377651,9439446,9259232,9219349,9469144,10228417,10711426,11311432,10598540,11548519,12797941,13925917,14447493
 "01127","Walker, AL",5,CAGDP1,1,"...","Real GDP (thousands of chained 2017 dollars) ","Thousands of chained 2017 dollars",1796542,1860236,1967358,2060518,2138473,2099985,2045546,2081455,2062704,2143611,2038250,1913880,1905757,1938554,1936643,1994837,2005235,2021641,1835246,1693343,1682942,1802695,1874965,1963695
 "01127","Walker, AL",5,CAGDP1,2,"...","Chain-type quantity indexes for real GDP ","Quantity index",89.593,92.769,98.111,102.757,106.644,104.725,102.010,103.801,102.866,106.901,101.646,95.444,95.039,96.675,96.579,99.481,100.000,100.818,91.523,84.446,83.927,89.899,93.503,97.928
 "01127","Walker, AL",5,CAGDP1,3,"...","Current-dollar GDP (thousands of current dollars) ","Thousands of dollars",1223958,1283430,1401680,1520677,1647180,1688821,1695731,1782287,1820075,1918285,1865082,1779279,1790199,1860008,1878515,1946681,2005235,2069775,1918077,1820302,1915538,2207246,2400442,2568468
 "01129","Washington, AL",5,CAGDP1,1,"...","Real GDP (thousands of chained 2017 dollars) ","Thousands of chained 2017 dollars",856263,779315,802426,872034,805395,885549,961651,864957,907830,991873,892350,827085,865117,913624,816505,855377,841373,848581,843426,842982,877667,893673,934930,1055630
 "01129","Washington, AL",5,CAGDP1,2,"...","Chain-type quantity indexes for real GDP ","Quantity index",101.770,92.624,95.371,103.644,95.724,105.250,114.295,102.803,107.899,117.887,106.059,98.302,102.822,108.587,97.044,101.664,100.000,100.857,100.244,100.191,104.314,106.216,111.120,125.465
 "01129","Washington, AL",5,CAGDP1,3,"...","Current-dollar GDP (thousands of current dollars) ","Thousands of dollars",561791,510086,545062,605832,581530,662342,729013,691132,760297,832841,785783,746266,797726,870446,789031,832036,841373,869378,872646,873948,992820,1097468,1161365,1300833
 "01131","Wilcox, AL",5,CAGDP1,1,"...","Real GDP (thousands of chained 2017 dollars) ","Thousands of chained 2017 dollars",396781,388573,363399,424873,449043,465528,431849,398420,443812,420620,371942,365734,396901,391003,392463,427128,430526,455340,435839,412902,360521,337489,360015,386907
 "01131","Wilcox, AL",5,CAGDP1,2,"...","Chain-type quantity indexes for real GDP ","Quantity index",92.162,90.256,84.408,98.687,104.301,108.130,100.307,92.543,103.086,97.699,86.393,84.950,92.190,90.820,91.159,99.211,100.000,105.764,101.234,95.906,83.740,78.390,83.622,89.868
 "01131","Wilcox, AL",5,CAGDP1,3,"...","Current-dollar GDP (thousands of current dollars) ","Thousands of dollars",292767,287561,271364,322375,344843,371651,357754,337332,393176,379722,342408,339837,381853,379042,381666,410926,430526,467746,445461,409179,398996,414786,444348,472602
 "01133","Winston, AL",5,CAGDP1,1,"...","Real GDP (thousands of chained 2017 dollars) ","Thousands of chained 2017 dollars",712310,710183,688448,737332,784030,789666,749672,697577,651288,702230,720192,712821,750225,704646,720175,708380,719959,724384,780230,803278,813675,757243,778725,811115
 "01133","Winston, AL",5,CAGDP1,2,"...","Chain-type quantity indexes for real GDP ","Quantity index",98.938,98.642,95.623,102.413,108.899,109.682,104.127,96.891,90.462,97.537,100.032,99.009,104.204,97.873,100.030,98.392,100.000,100.615,108.371,111.573,113.017,105.179,108.163,112.661
 "01133","Winston, AL",5,CAGDP1,3,"...","Current-dollar GDP (thousands of current dollars) ","Thousands of dollars",541377,544789,541377,607591,646689,650928,616579,577576,548660,599749,616117,628905,689071,671624,691699,693067,719959,753106,820105,885129,1053825,1080469,1088568,1140916
"Note: See the included footnote file."
"CAGDP1: County gross domestic product (GDP) summary "
"Last updated: February 5, 2026-- new statistics for 2024; revised statistics for 2020-2023."
"U.S. Bureau of Economic Analysis"
